skill_1_id,skill_2_id,skill_1_id,skill_2_id
1592,1901.0,,
2170,1901.0,,
2861,555.0,,
2861,1721.0,,
23,328.0,,
24,328.0,,
55,961.0,,
66,961.0,,
71,153.0,,
81,555.0,,
110,1592.0,,
119,2639.0,,
148,961.0,,
149,153.0,,
150,153.0,,
150,1721.0,,
151,153.0,,
161,153.0,,
166,2639.0,,
168,555.0,,
180,2170.0,,
242,1592.0,,
264,555.0,,
264,724.0,,
276,1592.0,,
278,961.0,,
283,961.0,,
284,1592.0,,
307,1592.0,,
328,2639.0,,
332,328.0,,
338,328.0,,
355,328.0,,
409,961.0,,
421,961.0,,
423,2170.0,,
432,961.0,,
451,1414.0,,
478,2639.0,,
507,555.0,,
509,555.0,,
523,555.0,,
527,555.0,,
546,555.0,,
549,961.0,,
552,555.0,,
571,153.0,,
579,555.0,,
673,2639.0,,
702,724.0,,
712,1414.0,,
731,555.0,,
742,555.0,,
774,2639.0,,
782,762.0,,
785,166.0,,
791,328.0,,
796,2639.0,,
827,555.0,,
827,1721.0,,
840,555.0,,
867,2170.0,,
873,1592.0,,
3110,328.0,,
893,328.0,,
893,2639.0,,
898,153.0,,
898,2639.0,,
910,961.0,,
914,961.0,,
924,961.0,,
925,153.0,,
959,153.0,,
961,153.0,,
962,961.0,,
964,961.0,,
981,328.0,,
991,153.0,,
991,2170.0,,
992,2639.0,,
1081,328.0,,
1112,2639.0,,
1124,153.0,,
1126,1623.0,,
1170,2639.0,,
1188,2639.0,,
1191,2170.0,,
1199,2639.0,,
1281,1592.0,,
1284,153.0,,
1285,1592.0,,
1308,2639.0,,
1321,328.0,,
1389,961.0,,
1391,2639.0,,
1400,1623.0,,
1403,961.0,,
1407,2639.0,,
1466,2639.0,,
1562,961.0,,
1571,2639.0,,
1575,328.0,,
1582,2639.0,,
1590,2639.0,,
1602,2639.0,,
1647,724.0,,
1665,153.0,,
1665,328.0,,
1665,2639.0,,
1684,961.0,,
1694,328.0,,
1707,961.0,,
1713,555.0,,
1715,1623.0,,
1733,961.0,,
1745,2639.0,,
1760,2170.0,,
1763,1592.0,,
1790,153.0,,
1795,961.0,,
1801,153.0,,
1808,961.0,,
1934,1414.0,,
1936,1414.0,,
1963,762.0,,
1966,961.0,,
1980,1592.0,,
1998,2170.0,,
2029,1414.0,,
2060,328.0,,
2091,555.0,,
2120,1592.0,,
2151,2639.0,,
2173,2170.0,,
2181,2639.0,,
2193,2639.0,,
2199,2639.0,,
2203,961.0,,
2225,2639.0,,
2241,724.0,,
2275,555.0,,
2288,328.0,,
2308,1592.0,,
2308,2639.0,,
2312,2639.0,,
2318,1592.0,,
2333,1721.0,,
2429,2639.0,,
2447,328.0,,
2504,328.0,,
2523,2639.0,,
2524,555.0,,
2551,1414.0,,
2553,961.0,,
2642,2639.0,,
2648,2639.0,,
2655,1414.0,,
2659,555.0,,
2663,555.0,,
2663,961.0,,
2690,153.0,,
2690,2170.0,,
2694,153.0,,
2733,724.0,,
2777,1414.0,,
2782,2170.0,,
2783,2639.0,,
2785,2639.0,,
2801,961.0,,
2862,555.0,,
2996,555.0,,
3105,1592.0,,
1,2275.0,,
6,1694.0,,
24,1665.0,,
27,24.0,,
27,1081.0,,
29,1733.0,,
31,785.0,,
32,785.0,,
33,2275.0,,
40,2655.0,,
44,785.0,,
45,785.0,,
46,785.0,,
53,55.0,,
53,1733.0,,
56,785.0,,
56,2151.0,,
62,332.0,,
66,283.0,,
69,66.0,,
70,71.0,,
77,2333.0,,
81,2659.0,,
82,2663.0,,
91,1707.0,,
93,2181.0,,
106,2659.0,,
111,71.0,,
112,552.0,,
118,1602.0,,
120,119.0,,
121,119.0,,
8,2275.0,,
142,2659.0,,
146,119.0,,
149,1602.0,,
152,2308.0,,
156,71.0,,
158,119.0,,
159,432.0,,
160,161.0,,
160,432.0,,
176,2275.0,,
178,55.0,,
179,2690.0,,
180,2690.0,,
181,2173.0,,
196,2862.0,,
201,168.0,,
209,1733.0,,
223,2275.0,,
224,1694.0,,
229,827.0,,
256,2308.0,,
258,893.0,,
265,264.0,,
266,332.0,,
277,893.0,,
280,2525.0,,
282,1602.0,,
285,1707.0,,
286,283.0,,
288,283.0,,
289,2308.0,,
291,525.0,,
310,2181.0,,
312,1694.0,,
315,910.0,,
324,161.0,,
352,332.0,,
355,1665.0,,
358,2504.0,,
360,2504.0,,
362,2275.0,,
366,2275.0,,
368,2275.0,,
387,507.0,,
396,1188.0,,
404,1707.0,,
409,1707.0,,
410,1934.0,,
429,1934.0,,
371,1934.0,,
431,2199.0,,
436,2173.0,,
444,1602.0,,
445,2308.0,,
446,2275.0,,
447,2504.0,,
375,1694.0,,
376,2275.0,,
473,2659.0,,
474,1713.0,,
476,1602.0,,
477,2308.0,,
481,2504.0,,
482,2275.0,,
485,785.0,,
486,785.0,,
488,1795.0,,
491,827.0,,
491,2333.0,,
503,2275.0,,
508,1745.0,,
516,893.0,,
518,1602.0,,
519,2199.0,,
522,355.0,,
524,523.0,,
525,523.0,,
529,1707.0,,
515,1934.0,,
531,1715.0,,
531,2862.0,,
532,2525.0,,
533,2525.0,,
534,527.0,,
534,2862.0,,
537,1602.0,,
538,2525.0,,
541,2525.0,,
542,150.0,,
542,2525.0,,
547,168.0,,
549,571.0,,
549,910.0,,
552,785.0,,
554,2663.0,,
555,571.0,,
556,509.0,,
560,168.0,,
562,2663.0,,
574,2181.0,,
576,579.0,,
580,2173.0,,
584,2659.0,,
591,1284.0,,
593,432.0,,
602,507.0,,
613,914.0,,
613,1389.0,,
615,1694.0,,
626,1694.0,,
636,1707.0,,
637,2173.0,,
639,2181.0,,
641,1694.0,,
649,785.0,,
649,1694.0,,
651,2648.0,,
665,509.0,,
667,1707.0,,
397,785.0,,
397,1694.0,,
669,166.0,,
671,119.0,,
672,2308.0,,
680,2504.0,,
684,2777.0,,
691,2275.0,,
702,1694.0,,
715,332.0,,
716,742.0,,
737,1694.0,,
757,2659.0,,
759,2181.0,,
766,1647.0,,
771,2275.0,,
774,2648.0,,
777,1284.0,,
785,2659.0,,
787,2996.0,,
792,893.0,,
794,1602.0,,
798,2308.0,,
800,1602.0,,
808,2504.0,,
814,1694.0,,
817,785.0,,
824,1602.0,,
827,1713.0,,
832,840.0,,
849,2659.0,,
851,1936.0,,
854,785.0,,
858,2275.0,,
930,507.0,,
872,893.0,,
879,893.0,,
881,893.0,,
883,893.0,,
888,893.0,,
896,552.0,,
901,2308.0,,
902,2504.0,,
906,2275.0,,
913,2173.0,,
915,914.0,,
924,910.0,,
924,925.0,,
920,910.0,,
923,1707.0,,
935,1694.0,,
945,2504.0,,
957,893.0,,
963,1389.0,,
974,981.0,,
978,332.0,,
979,893.0,,
986,893.0,,
987,432.0,,
988,1188.0,,
990,2181.0,,
993,991.0,,
996,2151.0,,
999,1389.0,,
1000,2275.0,,
1008,2151.0,,
1009,119.0,,
1010,119.0,,
1011,119.0,,
1012,119.0,,
1013,119.0,,
1014,1602.0,,
1021,119.0,,
1023,893.0,,
1024,1602.0,,
1025,2308.0,,
1032,119.0,,
1035,2308.0,,
1051,2275.0,,
1057,1389.0,,
1081,1665.0,,
1086,893.0,,
1106,991.0,,
1115,71.0,,
1118,2181.0,,
1121,1602.0,,
1122,1707.0,,
1123,2308.0,,
1125,71.0,,
1128,2663.0,,
1129,523.0,,
1133,2275.0,,
1159,1713.0,,
1159,2199.0,,
1184,283.0,,
1189,2694.0,,
1190,1602.0,,
1194,2333.0,,
1196,2199.0,,
1197,432.0,,
1209,2275.0,,
1233,827.0,,
1237,1713.0,,
1239,785.0,,
1251,2275.0,,
1274,2996.0,,
1275,731.0,,
1276,2275.0,,
1283,2308.0,,
1293,893.0,,
1297,742.0,,
1300,2173.0,,
1305,119.0,,
1307,1602.0,,
1311,332.0,,
1313,71.0,,
1332,785.0,,
1332,1694.0,,
1318,1188.0,,
1323,2663.0,,
1325,2308.0,,
1327,432.0,,
1363,2199.0,,
1367,552.0,,
1377,2659.0,,
1384,827.0,,
1393,2308.0,,
1390,893.0,,
1399,785.0,,
1411,571.0,,
1414,571.0,,
1416,552.0,,
1428,507.0,,
1429,893.0,,
1430,914.0,,
1441,2288.0,,
1448,785.0,,
1456,893.0,,
1477,168.0,,
1478,523.0,,
3113,2659.0,,
1497,2275.0,,
1507,2275.0,,
1516,3110.0,,
1540,2225.0,,
1544,2663.0,,
1555,893.0,,
1560,1602.0,,
1560,2659.0,,
1562,2663.0,,
1566,2275.0,,
1573,893.0,,
1574,2504.0,,
1589,1602.0,,
1599,119.0,,
1601,1602.0,,
1610,523.0,,
1616,731.0,,
1617,166.0,,
1619,523.0,,
1623,827.0,,
1623,2151.0,,
1626,1389.0,,
1628,2181.0,,
1629,785.0,,
1647,168.0,,
1647,332.0,,
1653,893.0,,
1654,3110.0,,
1670,893.0,,
1674,1389.0,,
1674,1733.0,,
1684,1733.0,,
1690,2441.0,,
1692,1694.0,,
1694,1665.0,,
1701,1694.0,,
1707,421.0,,
1709,1707.0,,
1710,150.0,,
1715,1713.0,,
1715,2333.0,,
1716,150.0,,
1719,150.0,,
1720,150.0,,
1722,2333.0,,
1639,332.0,,
1738,914.0,,
1746,119.0,,
1748,1284.0,,
1755,283.0,,
1756,1707.0,,
1757,1707.0,,
1764,893.0,,
1775,2996.0,,
1785,2225.0,,
1787,332.0,,
1794,1801.0,,
1795,1801.0,,
1797,1801.0,,
1799,1801.0,,
1802,1801.0,,
1803,1795.0,,
1804,1801.0,,
1641,2275.0,,
1818,1694.0,,
1824,1715.0,,
1827,2659.0,,
1830,421.0,,
1831,2173.0,,
1833,893.0,,
1847,1602.0,,
1877,2308.0,,
1878,742.0,,
1884,1707.0,,
1885,151.0,,
1891,168.0,,
1902,1733.0,,
1907,2504.0,,
1908,893.0,,
1936,509.0,,
1938,283.0,,
1941,893.0,,
1942,1602.0,,
1944,2308.0,,
1952,742.0,,
1881,527.0,,
1967,2173.0,,
1968,151.0,,
1970,827.0,,
1971,1713.0,,
1971,2333.0,,
1972,81.0,,
1972,2525.0,,
1978,1284.0,,
1980,1284.0,,
1982,742.0,,
1996,2275.0,,
2020,3110.0,,
2027,546.0,,
2029,1665.0,,
2031,150.0,,
2035,910.0,,
2038,151.0,,
2038,2173.0,,
2040,1284.0,,
2052,2996.0,,
2057,1665.0,,
2062,1602.0,,
1981,1934.0,,
2066,1665.0,,
2082,1694.0,,
2087,1582.0,,
2088,2091.0,,
2098,523.0,,
2101,81.0,,
2105,2275.0,,
2121,1694.0,,
2131,1389.0,,
2134,166.0,,
2137,2275.0,,
2138,71.0,,
2142,2308.0,,
2143,2504.0,,
2148,1284.0,,
2150,1602.0,,
2152,2151.0,,
2153,2151.0,,
2154,2151.0,,
2155,2151.0,,
2156,2151.0,,
2158,2151.0,,
2159,1602.0,,
2160,1602.0,,
2161,785.0,,
2162,2694.0,,
2164,2173.0,,
2072,2275.0,,
2165,1602.0,,
2167,119.0,,
2168,1188.0,,
2172,1284.0,,
2077,2275.0,,
2183,1707.0,,
2184,2663.0,,
2190,2447.0,,
2190,2655.0,,
2196,893.0,,
2196,2199.0,,
2198,2199.0,,
2201,2151.0,,
2211,552.0,,
2217,910.0,,
2218,1602.0,,
2226,3110.0,,
2241,150.0,,
2246,2181.0,,
2252,2663.0,,
2250,421.0,,
2250,1389.0,,
2258,2504.0,,
2262,1665.0,,
2269,2655.0,,
2276,2275.0,,
2277,2275.0,,
2279,2663.0,,
2280,2663.0,,
2282,1665.0,,
2282,1694.0,,
2285,2275.0,,
2286,1715.0,,
2289,2288.0,,
2291,2288.0,,
2292,1665.0,,
2292,2288.0,,
2295,2288.0,,
2297,1936.0,,
2300,2199.0,,
2305,1602.0,,
2306,119.0,,
2309,2308.0,,
2310,2308.0,,
2311,2308.0,,
2312,2199.0,,
2314,893.0,,
2316,893.0,,
2327,2225.0,,
2327,2504.0,,
2339,332.0,,
2339,2275.0,,
2343,2996.0,,
2349,1701.0,,
2352,1389.0,,
2355,1701.0,,
2358,2862.0,,
2360,2173.0,,
2367,332.0,,
2373,1966.0,,
2374,1966.0,,
2397,893.0,,
2398,2288.0,,
2410,1188.0,,
2411,2181.0,,
2422,742.0,,
2424,2173.0,,
2425,2663.0,,
2427,1389.0,,
2432,2694.0,,
2440,2181.0,,
2451,2663.0,,
2465,168.0,,
2471,1936.0,,
2474,2275.0,,
2481,2648.0,,
2483,2275.0,,
2502,1389.0,,
2504,1694.0,,
2487,332.0,,
2515,332.0,,
2515,2275.0,,
2520,2275.0,,
2532,2275.0,,
2537,1694.0,,
2540,1694.0,,
2539,1694.0,,
2541,81.0,,
2551,2659.0,,
2553,1389.0,,
2568,1602.0,,
2572,2308.0,,
2592,827.0,,
2593,1715.0,,
2597,3110.0,,
2600,168.0,,
2618,2275.0,,
2620,2504.0,,
2628,2504.0,,
2630,1665.0,,
2631,1694.0,,
2637,2151.0,,
2645,893.0,,
2646,1602.0,,
2653,168.0,,
2663,571.0,,
2670,2659.0,,
2678,81.0,,
2687,2690.0,,
2696,552.0,,
2704,1602.0,,
2701,1602.0,,
2710,1733.0,,
2492,332.0,,
2757,332.0,,
2757,742.0,,
2757,2275.0,,
2499,332.0,,
2724,168.0,,
2727,2173.0,,
2733,150.0,,
2744,785.0,,
2745,1694.0,,
2754,432.0,,
2759,742.0,,
2762,1602.0,,
2778,1389.0,,
2780,1707.0,,
2784,2648.0,,
2786,2275.0,,
2788,1126.0,,
2790,168.0,,
2791,2525.0,,
2792,1126.0,,
2794,1602.0,,
2799,332.0,,
2806,2275.0,,
2815,1694.0,,
2821,2275.0,,
2830,910.0,,
2833,2663.0,,
2847,2659.0,,
2864,1733.0,,
2865,2173.0,,
2874,283.0,,
2880,2333.0,,
2897,893.0,,
2901,432.0,,
2903,731.0,,
2913,523.0,,
2914,785.0,,
2942,432.0,,
2944,2181.0,,
2945,2648.0,,
2948,2663.0,,
2960,1733.0,,
2970,2275.0,,
2975,1284.0,,
2958,2275.0,,
2988,168.0,,
2993,168.0,,
2997,166.0,,
2998,2275.0,,
3003,785.0,,
3010,1707.0,,
3012,2996.0,,
2959,507.0,,
3016,2199.0,,
3127,2996.0,,
3025,1694.0,,
3034,785.0,,
3034,2659.0,,
3035,2659.0,,
3039,2288.0,,
3040,1694.0,,
3049,1707.0,,
3050,893.0,,
3053,332.0,,
3065,3110.0,,
3070,1694.0,,
3075,1602.0,,
3076,1602.0,,
3078,2996.0,,
3079,742.0,,
3090,525.0,,
3104,119.0,,
1286,1285.0,,
1286,1665.0,,
12,1710.0,,
25,27.0,,
30,27.0,,
41,40.0,,
41,1239.0,,
43,785.0,,
44,40.0,,
44,1239.0,,
45,40.0,,
45,1239.0,,
45,3034.0,,
46,40.0,,
46,1239.0,,
46,3034.0,,
61,2252.0,,
63,2262.0,,
76,71.0,,
78,1194.0,,
79,1971.0,,
80,2880.0,,
99,1971.0,,
105,1748.0,,
122,27.0,,
144,3035.0,,
157,1125.0,,
163,1971.0,,
164,1194.0,,
173,2269.0,,
174,2279.0,,
192,924.0,,
197,974.0,,
200,814.0,,
238,2269.0,,
255,1318.0,,
257,2465.0,,
259,2282.0,,
260,1560.0,,
263,1560.0,,
265,27.0,,
279,2168.0,,
300,814.0,,
300,2630.0,,
226,2184.0,,
320,2282.0,,
323,2280.0,,
325,1560.0,,
334,974.0,,
394,1748.0,,
419,1891.0,,
424,1318.0,,
435,1719.0,,
439,2184.0,,
441,27.0,,
443,2168.0,,
445,152.0,,
470,2168.0,,
475,2465.0,,
479,27.0,,
489,1194.0,,
490,1971.0,,
511,152.0,,
512,77.0,,
535,883.0,,
539,1971.0,,
545,542.0,,
585,2280.0,,
595,1722.0,,
597,152.0,,
604,603.0,,
857,604.0,,
1516,604.0,,
604,3035.0,,
616,1194.0,,
630,1239.0,,
643,152.0,,
647,2184.0,,
653,1318.0,,
665,1710.0,,
670,1318.0,,
675,70.0,,
680,974.0,,
687,2465.0,,
745,265.0,,
757,3035.0,,
694,2184.0,,
781,1748.0,,
784,2733.0,,
793,1318.0,,
799,2465.0,,
801,800.0,,
803,1194.0,,
804,2880.0,,
815,814.0,,
815,2630.0,,
816,814.0,,
816,2630.0,,
822,1194.0,,
825,1194.0,,
849,265.0,,
849,3075.0,,
868,1560.0,,
874,883.0,,
879,1318.0,,
897,2280.0,,
901,152.0,,
905,1560.0,,
927,1971.0,,
955,1748.0,,
961,2282.0,,
965,1560.0,,
971,27.0,,
971,974.0,,
983,491.0,,
988,2168.0,,
995,2465.0,,
865,924.0,,
1026,2465.0,,
1033,883.0,,
1047,491.0,,
1053,2282.0,,
1056,560.0,,
1071,1293.0,,
1072,1318.0,,
1074,77.0,,
1107,1313.0,,
1111,1719.0,,
1123,152.0,,
1137,1239.0,,
1138,1560.0,,
1144,2279.0,,
1146,70.0,,
1162,1748.0,,
1171,77.0,,
1177,2880.0,,
1193,1971.0,,
1195,2168.0,,
1196,1318.0,,
1198,1560.0,,
1202,3035.0,,
1204,3035.0,,
1203,3035.0,,
1205,2168.0,,
1218,2269.0,,
1220,2269.0,,
1225,2269.0,,
1226,2269.0,,
1240,3035.0,,
1247,1293.0,,
1254,1560.0,,
1256,1748.0,,
1268,1560.0,,
1269,2600.0,,
1277,1560.0,,
1280,1318.0,,
1288,2252.0,,
1289,152.0,,
1290,70.0,,
1302,1560.0,,
1306,1318.0,,
1328,1313.0,,
1329,2168.0,,
1343,2184.0,,
1367,560.0,,
1367,2600.0,,
1375,1748.0,,
1383,1560.0,,
1392,152.0,,
1395,2733.0,,
1442,1441.0,,
1442,1571.0,,
1444,560.0,,
1447,785.0,,
1453,1748.0,,
1462,2312.0,,
1487,1560.0,,
1489,1293.0,,
1492,1560.0,,
1496,1560.0,,
1511,1560.0,,
1507,3035.0,,
1514,1560.0,,
1494,2269.0,,
1528,1560.0,,
1542,27.0,,
1547,1560.0,,
1559,2168.0,,
1561,794.0,,
1563,1891.0,,
1583,152.0,,
1613,2184.0,,
1620,2312.0,,
1646,1891.0,,
3120,2184.0,,
1657,1560.0,,
1659,1560.0,,
1660,1560.0,,
1672,1560.0,,
1679,1560.0,,
1683,71.0,,
1703,1318.0,,
1715,1722.0,,
1639,924.0,,
1735,1719.0,,
1736,1719.0,,
1744,152.0,,
1759,2252.0,,
1760,2168.0,,
1768,2184.0,,
1773,27.0,,
1777,2269.0,,
1796,1318.0,,
1800,152.0,,
1805,1560.0,,
1824,1722.0,,
1827,265.0,,
1869,924.0,,
1889,1891.0,,
1898,1891.0,,
1905,265.0,,
1936,814.0,,
1936,2630.0,,
1943,1748.0,,
1971,1710.0,,
1972,542.0,,
1973,27.0,,
1985,560.0,,
1987,2276.0,,
1987,2279.0,,
1997,152.0,,
1998,2168.0,,
1999,1560.0,,
2005,70.0,,
2029,2282.0,,
2032,1748.0,,
2036,560.0,,
2041,974.0,,
2046,974.0,,
2053,77.0,,
2083,2168.0,,
2085,2184.0,,
2099,2098.0,,
2104,1719.0,,
2117,152.0,,
2118,1748.0,,
2119,1748.0,,
2125,974.0,,
2127,1748.0,,
2133,2282.0,,
2149,1748.0,,
2174,1748.0,,
2195,1560.0,,
2197,1196.0,,
2197,1318.0,,
2198,152.0,,
2204,77.0,,
2209,1318.0,,
2210,1560.0,,
2219,2792.0,,
2243,2241.0,,
2251,2252.0,,
2261,2262.0,,
2264,2262.0,,
2274,2262.0,,
2283,2282.0,,
2286,1722.0,,
2293,2292.0,,
2294,2292.0,,
2296,2792.0,,
2299,785.0,,
2303,924.0,,
2304,1748.0,,
2307,152.0,,
2310,152.0,,
2318,2312.0,,
2324,2312.0,,
2342,2262.0,,
2350,2282.0,,
2351,2282.0,,
2356,265.0,,
2357,265.0,,
2357,2441.0,,
2364,1891.0,,
2377,1748.0,,
2440,2262.0,,
2443,785.0,,
2444,3035.0,,
2450,27.0,,
2459,77.0,,
2462,2282.0,,
2478,2279.0,,
2482,1560.0,,
2509,974.0,,
2509,2269.0,,
2484,974.0,,
2519,2282.0,,
2521,152.0,,
2490,2262.0,,
2538,814.0,,
2538,2630.0,,
2538,3035.0,,
2567,1891.0,,
2587,70.0,,
2593,1722.0,,
2602,1125.0,,
2607,924.0,,
2610,785.0,,
2613,2269.0,,
2626,1318.0,,
2632,814.0,,
2632,2630.0,,
2643,516.0,,
2673,2168.0,,
2683,2280.0,,
2691,1560.0,,
2695,547.0,,
2699,2600.0,,
2700,547.0,,
2707,152.0,,
2723,2280.0,,
2725,265.0,,
2731,1891.0,,
2746,1318.0,,
2756,2279.0,,
2757,27.0,,
2769,2184.0,,
2789,2184.0,,
2792,1722.0,,
2803,152.0,,
2813,1560.0,,
2816,2282.0,,
2817,2282.0,,
2827,3075.0,,
2835,1560.0,,
2847,3035.0,,
2855,2600.0,,
2868,1318.0,,
2876,2269.0,,
2883,1318.0,,
2884,1748.0,,
2889,152.0,,
2893,1971.0,,
2905,2269.0,,
2911,1560.0,,
2943,1318.0,,
2946,1560.0,,
2947,1748.0,,
2950,2262.0,,
2955,785.0,,
2919,785.0,,
2970,924.0,,
2971,3035.0,,
2984,1560.0,,
2998,27.0,,
3025,814.0,,
3025,2630.0,,
3034,3035.0,,
3051,1560.0,,
3052,2184.0,,
3054,785.0,,
3070,3035.0,,
3077,1560.0,,
3088,1560.0,,
3097,1560.0,,
3098,1560.0,,
3101,2269.0,,
3106,2269.0,,
1250,2269.0,,
2379,2269.0,,
2974,2269.0,,
36,163.0,,
48,2441.0,,
64,61.0,,
117,323.0,,
203,2036.0,,
291,2099.0,,
384,323.0,,
369,323.0,,
386,99.0,,
440,1288.0,,
442,1936.0,,
442,3075.0,,
373,2251.0,,
374,2251.0,,
526,99.0,,
677,803.0,,
382,585.0,,
758,163.0,,
843,163.0,,
889,874.0,,
930,3075.0,,
1050,61.0,,
1055,2632.0,,
1080,323.0,,
1136,163.0,,
1200,2827.0,,
1202,585.0,,
1151,585.0,,
1230,323.0,,
1269,2036.0,,
1317,105.0,,
1330,1328.0,,
1427,2632.0,,
1433,163.0,,
1437,897.0,,
1443,2441.0,,
1463,1462.0,,
1357,2251.0,,
1358,1288.0,,
1359,1288.0,,
1360,1288.0,,
1361,1759.0,,
1518,2827.0,,
1577,61.0,,
1591,585.0,,
1609,2632.0,,
1658,323.0,,
1711,874.0,,
1725,323.0,,
1749,2632.0,,
1751,585.0,,
1769,1777.0,,
1773,1777.0,,
1780,1777.0,,
1781,1777.0,,
1785,1777.0,,
1789,1777.0,,
1867,163.0,,
1886,323.0,,
1899,163.0,,
1936,2441.0,,
1956,1442.0,,
1974,1972.0,,
1975,1972.0,,
1977,1972.0,,
2034,2036.0,,
2068,2441.0,,
2202,616.0,,
2206,616.0,,
2378,323.0,,
2386,61.0,,
2391,61.0,,
2369,585.0,,
2440,3075.0,,
2441,3075.0,,
2456,803.0,,
2525,1972.0,,
2533,61.0,,
2537,2827.0,,
2681,2441.0,,
2491,1759.0,,
2738,2243.0,,
2763,3075.0,,
2766,163.0,,
2767,585.0,,
2823,323.0,,
2823,585.0,,
2825,3075.0,,
2827,2827.0,,
2852,897.0,,
2867,2632.0,,
2912,2632.0,,
3001,323.0,,
3008,323.0,,
3008,585.0,,
3066,897.0,,
3069,2827.0,,
3090,2099.0,,
3093,2293.0,,
3096,2827.0,,
51,1694.0,,
52,51.0,,
85,1748.0,,
115,1914.0,,
154,1721.0,,
155,154.0,,
167,1308.0,,
169,168.0,,
182,1875.0,,
183,182.0,,
185,893.0,,
186,185.0,,
206,1414.0,,
245,1721.0,,
250,245.0,,
270,81.0,,
281,280.0,,
302,893.0,,
311,1718.0,,
313,1694.0,,
331,93.0,,
333,328.0,,
353,2441.0,,
356,328.0,,
357,328.0,,
364,366.0,,
365,2794.0,,
411,1665.0,,
449,451.0,,
453,451.0,,
458,451.0,,
495,51.0,,
507,1936.0,,
567,785.0,,
568,555.0,,
596,328.0,,
645,2733.0,,
646,645.0,,
660,665.0,,
662,665.0,,
665,1721.0,,
674,2639.0,,
700,555.0,,
700,724.0,,
700,1414.0,,
710,700.0,,
723,700.0,,
760,328.0,,
777,1748.0,,
786,785.0,,
805,386.0,,
807,166.0,,
810,815.0,,
815,1704.0,,
815,1739.0,,
826,665.0,,
875,893.0,,
885,893.0,,
936,1694.0,,
941,930.0,,
975,166.0,,
980,981.0,,
985,992.0,,
1019,2254.0,,
1084,1081.0,,
1087,1081.0,,
1089,1081.0,,
1095,1665.0,,
1096,1081.0,,
1099,93.0,,
1113,1592.0,,
1157,1158.0,,
1158,2659.0,,
1163,674.0,,
1163,1113.0,,
1183,1186.0,,
1186,284.0,,
1192,81.0,,
1214,1223.0,,
1223,457.0,,
1243,2953.0,,
1309,1602.0,,
1310,1308.0,,
1315,2588.0,,
1259,397.0,,
1320,328.0,,
1364,1739.0,,
1402,1414.0,,
1408,2551.0,,
1420,328.0,,
1421,1420.0,,
1422,1420.0,,
1436,552.0,,
1482,1081.0,,
1484,1482.0,,
1551,1418.0,,
1576,791.0,,
1600,1602.0,,
1686,1081.0,,
1687,1686.0,,
1690,1686.0,,
1696,1694.0,,
1697,791.0,,
1698,1694.0,,
1700,1694.0,,
1704,1914.0,,
1712,1081.0,,
1714,1721.0,,
1639,1721.0,,
1734,150.0,,
1734,2173.0,,
1739,507.0,,
1744,2308.0,,
1761,2441.0,,
1767,2655.0,,
1828,1827.0,,
1875,166.0,,
1924,1665.0,,
1929,1914.0,,
1937,1936.0,,
1937,2297.0,,
1945,1704.0,,
1946,1945.0,,
1979,1402.0,,
2016,1914.0,,
2132,1665.0,,
2166,284.0,,
2200,2199.0,,
2213,1704.0,,
2214,2213.0,,
2224,328.0,,
2230,2193.0,,
2248,1761.0,,
2253,2248.0,,
2254,925.0,,
2267,2248.0,,
2375,1704.0,,
2384,2733.0,,
2413,93.0,,
2437,93.0,,
2438,2441.0,,
2370,2367.0,,
2506,2504.0,,
2508,2224.0,,
2526,2170.0,,
2531,1414.0,,
2550,893.0,,
2554,2551.0,,
2555,1665.0,,
2588,328.0,,
2628,1739.0,,
2629,2628.0,,
2634,51.0,,
2635,2628.0,,
2638,2308.0,,
2647,2648.0,,
2658,2659.0,,
2668,1414.0,,
2680,785.0,,
2494,2757.0,,
2716,555.0,,
2716,893.0,,
2721,724.0,,
2725,2733.0,,
2774,2462.0,,
2800,791.0,,
2863,2638.0,,
2904,81.0,,
2927,3074.0,,
2930,93.0,,
2965,807.0,,
2979,815.0,,
2981,1158.0,,
2982,1244.0,,
3031,3026.0,,
3043,3041.0,,
3073,1308.0,,
6,2952.0,,
11,1418.0,,
58,1298.0,,
7,2275.0,,
84,1418.0,,
84,2185.0,,
86,725.0,,
89,1418.0,,
89,2185.0,,
92,2080.0,,
92,2339.0,,
96,2413.0,,
97,2413.0,,
112,1244.0,,
112,1784.0,,
114,1647.0,,
128,124.0,,
128,1497.0,,
129,124.0,,
129,1677.0,,
130,1952.0,,
135,124.0,,
136,466.0,,
136,2751.0,,
145,2551.0,,
139,2185.0,,
3107,1613.0,,
3107,2080.0,,
162,737.0,,
165,731.0,,
170,1647.0,,
170,2772.0,,
175,2275.0,,
187,560.0,,
193,1038.0,,
195,170.0,,
198,565.0,,
202,1892.0,,
205,1892.0,,
210,560.0,,
211,2873.0,,
212,2873.0,,
213,2873.0,,
222,725.0,,
222,1647.0,,
230,1892.0,,
231,2772.0,,
234,467.0,,
237,415.0,,
239,2936.0,,
225,2275.0,,
241,386.0,,
244,1241.0,,
246,247.0,,
247,1395.0,,
251,247.0,,
252,1598.0,,
262,2413.0,,
267,1647.0,,
268,3121.0,,
274,2413.0,,
292,2973.0,,
301,2185.0,,
304,2772.0,,
308,450.0,,
308,2185.0,,
340,724.0,,
386,1721.0,,
389,821.0,,
403,1952.0,,
407,2733.0,,
415,737.0,,
418,1898.0,,
434,2772.0,,
450,451.0,,
450,2672.0,,
451,555.0,,
454,748.0,,
455,2185.0,,
456,451.0,,
456,2185.0,,
459,451.0,,
460,2185.0,,
461,1418.0,,
466,264.0,,
467,2940.0,,
468,467.0,,
472,2185.0,,
484,2849.0,,
487,748.0,,
492,2275.0,,
493,555.0,,
494,555.0,,
530,2849.0,,
544,1324.0,,
546,558.0,,
558,555.0,,
560,555.0,,
565,1892.0,,
566,1649.0,,
570,1410.0,,
572,2849.0,,
575,565.0,,
576,555.0,,
577,576.0,,
3108,2080.0,,
3108,2339.0,,
581,1241.0,,
587,1418.0,,
619,560.0,,
619,766.0,,
620,619.0,,
629,2849.0,,
635,2413.0,,
642,1952.0,,
648,2185.0,,
656,1418.0,,
658,1647.0,,
666,2551.0,,
668,1418.0,,
678,1784.0,,
382,2973.0,,
383,2973.0,,
692,737.0,,
692,1507.0,,
698,2187.0,,
699,340.0,,
699,737.0,,
699,3009.0,,
705,738.0,,
709,724.0,,
716,1410.0,,
719,738.0,,
725,725.0,,
729,724.0,,
734,555.0,,
737,724.0,,
737,729.0,,
738,724.0,,
748,742.0,,
748,1410.0,,
741,725.0,,
741,1647.0,,
754,737.0,,
761,1410.0,,
763,2772.0,,
764,1038.0,,
766,170.0,,
767,560.0,,
767,766.0,,
769,2413.0,,
776,467.0,,
778,558.0,,
780,386.0,,
809,1194.0,,
812,1410.0,,
819,1410.0,,
820,1418.0,,
821,2940.0,,
832,576.0,,
842,2733.0,,
844,1298.0,,
847,1952.0,,
848,748.0,,
849,2663.0,,
856,450.0,,
861,737.0,,
870,2405.0,,
871,1438.0,,
896,1789.0,,
919,1270.0,,
943,558.0,,
863,1418.0,,
956,1270.0,,
960,2185.0,,
967,2772.0,,
970,1410.0,,
977,2080.0,,
977,2339.0,,
1001,2413.0,,
1015,1418.0,,
1027,1649.0,,
1029,467.0,,
1038,2871.0,,
1039,784.0,,
1040,2872.0,,
1049,709.0,,
1052,1395.0,,
1054,560.0,,
1058,821.0,,
1064,560.0,,
1067,725.0,,
1070,2405.0,,
1085,729.0,,
1108,2663.0,,
1110,81.0,,
1117,2185.0,,
1127,2551.0,,
1130,1773.0,,
1130,1789.0,,
1131,1773.0,,
1132,2275.0,,
1139,1395.0,,
1141,1418.0,,
1147,737.0,,
1147,1507.0,,
1165,2405.0,,
1148,2185.0,,
1173,1598.0,,
1178,2413.0,,
1182,170.0,,
1187,1410.0,,
1194,560.0,,
3111,737.0,,
3111,2367.0,,
1202,2973.0,,
1152,2973.0,,
1207,1418.0,,
1213,2185.0,,
1216,1418.0,,
1219,450.0,,
1224,725.0,,
1227,450.0,,
1229,386.0,,
1230,368.0,,
1230,1497.0,,
1230,2080.0,,
1231,565.0,,
1232,2872.0,,
1235,1952.0,,
1236,748.0,,
1237,827.0,,
1241,2755.0,,
1244,555.0,,
1245,1244.0,,
1248,1418.0,,
1249,1418.0,,
1249,2185.0,,
1263,129.0,,
1264,129.0,,
1264,836.0,,
1265,129.0,,
1265,1677.0,,
1266,129.0,,
1267,129.0,,
1270,555.0,,
1271,1270.0,,
1273,2551.0,,
1287,737.0,,
1291,2185.0,,
1292,2185.0,,
1295,1241.0,,
1298,467.0,,
1301,737.0,,
1312,1613.0,,
1312,3120.0,,
1312,2080.0,,
1257,450.0,,
1324,555.0,,
1331,1418.0,,
1336,1395.0,,
1337,450.0,,
1337,1418.0,,
1337,2185.0,,
1341,748.0,,
3114,1418.0,,
1365,1244.0,,
1366,1244.0,,
1369,560.0,,
1371,560.0,,
1376,737.0,,
1381,821.0,,
1394,1395.0,,
1396,1236.0,,
1398,1236.0,,
1406,1410.0,,
1409,1410.0,,
1410,565.0,,
1418,451.0,,
1419,2185.0,,
1434,1270.0,,
1438,2655.0,,
1445,1324.0,,
1446,1898.0,,
1478,2666.0,,
1480,1139.0,,
1481,2551.0,,
1493,1497.0,,
1493,2080.0,,
1512,2185.0,,
1519,1418.0,,
1520,2275.0,,
1521,725.0,,
1521,1520.0,,
1521,2339.0,,
1521,2367.0,,
1522,2339.0,,
1522,2655.0,,
1523,2339.0,,
1523,2655.0,,
3117,467.0,,
3116,2772.0,,
1533,1418.0,,
1536,1952.0,,
1537,748.0,,
1549,2275.0,,
1552,842.0,,
1569,2878.0,,
1570,2878.0,,
1587,2849.0,,
3118,1418.0,,
3119,1418.0,,
1593,415.0,,
1594,77.0,,
1596,821.0,,
1598,2413.0,,
1598,2772.0,,
1612,1418.0,,
1615,2275.0,,
1627,2413.0,,
1627,2772.0,,
1630,2405.0,,
1634,725.0,,
1635,1418.0,,
1649,1892.0,,
1677,264.0,,
1682,2423.0,,
1717,1721.0,,
1639,1720.0,,
1639,2655.0,,
1723,737.0,,
1723,2339.0,,
1725,1497.0,,
1725,2080.0,,
1729,467.0,,
1730,1039.0,,
1731,1039.0,,
1732,1039.0,,
1750,2185.0,,
1751,2973.0,,
1770,1418.0,,
1770,2185.0,,
1777,2655.0,,
1778,450.0,,
1779,450.0,,
1783,737.0,,
1784,1777.0,,
1791,2666.0,,
1806,2185.0,,
1810,1418.0,,
1813,1244.0,,
1642,725.0,,
1643,725.0,,
1643,1647.0,,
1839,848.0,,
1840,1839.0,,
1841,1839.0,,
1842,1839.0,,
1848,560.0,,
1853,2872.0,,
1645,748.0,,
1856,205.0,,
1858,748.0,,
1859,1647.0,,
1864,170.0,,
1865,1410.0,,
1868,576.0,,
1870,576.0,,
1873,386.0,,
1878,2423.0,,
3121,1892.0,,
1904,2772.0,,
1883,2849.0,,
1890,202.0,,
1892,168.0,,
1892,555.0,,
1892,1602.0,,
1894,1892.0,,
1894,2339.0,,
1898,1892.0,,
1909,1438.0,,
1912,1418.0,,
1912,2185.0,,
1914,555.0,,
1918,1914.0,,
1919,1914.0,,
1925,1914.0,,
1926,1914.0,,
1928,1914.0,,
1929,2551.0,,
1930,1914.0,,
1939,1649.0,,
1950,1418.0,,
1951,1418.0,,
1953,2275.0,,
1954,560.0,,
1958,821.0,,
1960,2413.0,,
1962,842.0,,
1952,748.0,,
1965,1.0,,
1965,2080.0,,
1969,731.0,,
1969,2339.0,,
1982,1952.0,,
1991,748.0,,
1992,2663.0,,
1995,2275.0,,
2015,2849.0,,
2021,1418.0,,
2022,1418.0,,
3122,2185.0,,
2023,2185.0,,
2024,1418.0,,
2026,2666.0,,
2034,202.0,,
2034,560.0,,
2041,1991.0,,
2041,2423.0,,
2043,450.0,,
2043,1418.0,,
2043,2185.0,,
2045,1438.0,,
2047,1952.0,,
2047,2041.0,,
2051,1418.0,,
2049,1418.0,,
2054,467.0,,
2055,1598.0,,
2061,1418.0,,
2064,2185.0,,
2071,1418.0,,
2079,2878.0,,
2080,2671.0,,
2081,1789.0,,
2086,731.0,,
2086,2339.0,,
2093,576.0,,
2094,1139.0,,
2101,2849.0,,
2102,2849.0,,
2103,193.0,,
2123,725.0,,
2128,2772.0,,
2136,1270.0,,
2175,415.0,,
3123,2080.0,,
3123,2339.0,,
2178,1773.0,,
2185,451.0,,
2187,737.0,,
2187,2339.0,,
2189,1139.0,,
2191,842.0,,
2192,2413.0,,
2208,2732.0,,
2215,1991.0,,
2215,2423.0,,
2222,565.0,,
2231,821.0,,
2233,1270.0,,
2242,1395.0,,
2242,2241.0,,
2242,2732.0,,
2243,1395.0,,
2249,1410.0,,
2287,821.0,,
2301,81.0,,
2334,1438.0,,
2335,1438.0,,
2336,2080.0,,
2336,2339.0,,
2337,2080.0,,
2337,2339.0,,
2340,2185.0,,
2341,2419.0,,
2346,737.0,,
2361,725.0,,
2364,1898.0,,
2345,2973.0,,
2367,2275.0,,
2368,2367.0,,
2371,450.0,,
2372,1418.0,,
2380,2772.0,,
2387,725.0,,
2399,558.0,,
2405,170.0,,
2407,2185.0,,
2412,2772.0,,
2413,702.0,,
2414,2730.0,,
2416,2413.0,,
2419,1647.0,,
2423,748.0,,
2426,2772.0,,
2432,560.0,,
2433,1244.0,,
2436,81.0,,
2446,170.0,,
2452,2971.0,,
2454,1537.0,,
2458,2185.0,,
2464,560.0,,
2473,1438.0,,
2475,2474.0,,
2476,2080.0,,
2476,2474.0,,
2479,1649.0,,
2501,1418.0,,
2509,450.0,,
2511,2733.0,,
2512,2732.0,,
2485,2185.0,,
2486,725.0,,
2487,2655.0,,
2487,2733.0,,
2516,2185.0,,
2518,737.0,,
2535,737.0,,
2535,2339.0,,
2551,555.0,,
2559,81.0,,
2560,170.0,,
2561,170.0,,
2565,2849.0,,
2573,205.0,,
2574,2856.0,,
2575,2849.0,,
2576,81.0,,
2595,2275.0,,
2596,619.0,,
2603,1598.0,,
2606,2275.0,,
2609,737.0,,
2612,842.0,,
2617,2275.0,,
2619,1789.0,,
2623,1324.0,,
2627,1410.0,,
2654,1418.0,,
2655,2663.0,,
2672,451.0,,
2666,555.0,,
2667,2671.0,,
2671,1414.0,,
2671,2663.0,,
2675,1244.0,,
2682,2971.0,,
2684,2971.0,,
2688,619.0,,
2697,1038.0,,
2700,202.0,,
2702,202.0,,
2703,202.0,,
2705,565.0,,
2492,725.0,,
2492,2733.0,,
2714,1438.0,,
2717,237.0,,
2721,725.0,,
2721,2733.0,,
2722,2419.0,,
2728,2732.0,,
2730,1717.0,,
2730,2733.0,,
2732,1395.0,,
2736,2849.0,,
2740,1892.0,,
2755,1647.0,,
2760,1395.0,,
2768,2973.0,,
2771,2772.0,,
2772,1647.0,,
2779,2772.0,,
2787,2423.0,,
2795,565.0,,
2805,1270.0,,
3126,821.0,,
2809,737.0,,
2811,1952.0,,
2836,1784.0,,
2837,1789.0,,
2838,2419.0,,
2840,725.0,,
2840,1647.0,,
2844,2849.0,,
2845,2275.0,,
2848,1139.0,,
2849,1892.0,,
2850,1789.0,,
2851,2849.0,,
2856,2849.0,,
2857,205.0,,
2859,2849.0,,
2866,2367.0,,
2870,724.0,,
2871,2870.0,,
2872,2870.0,,
2873,2872.0,,
2878,1892.0,,
2885,1789.0,,
2894,766.0,,
2894,1892.0,,
2906,1038.0,,
2907,725.0,,
2908,3121.0,,
2909,2849.0,,
2915,619.0,,
2920,1324.0,,
2926,842.0,,
2931,386.0,,
2936,492.0,,
2936,494.0,,
2936,2532.0,,
2939,2940.0,,
2940,1647.0,,
2962,81.0,,
3128,368.0,,
3128,2080.0,,
2964,2873.0,,
2971,2663.0,,
2973,2971.0,,
2976,1270.0,,
2985,1438.0,,
2986,1898.0,,
2989,2666.0,,
2991,1418.0,,
2992,1418.0,,
2994,1244.0,,
3005,1438.0,,
3006,1438.0,,
3007,1438.0,,
3009,1324.0,,
3013,1418.0,,
3014,2185.0,,
3015,1898.0,,
3020,1418.0,,
3023,2185.0,,
3048,1497.0,,
3048,1647.0,,
3067,2856.0,,
3068,2849.0,,
3071,450.0,,
3074,1410.0,,
3083,1438.0,,
3085,1418.0,,
3087,737.0,,
3080,1952.0,,
3099,1395.0,,
3100,1418.0,,
3103,450.0,,
21,24.0,,
22,24.0,,
24,1081.0,,
28,24.0,,
28,1028.0,,
31,507.0,,
31,2504.0,,
34,328.0,,
37,1665.0,,
39,37.0,,
51,328.0,,
54,55.0,,
54,73.0,,
57,1694.0,,
68,70.0,,
72,74.0,,
73,1801.0,,
74,2899.0,,
100,328.0,,
102,100.0,,
108,1748.0,,
112,328.0,,
140,1673.0,,
161,112.0,,
167,166.0,,
172,166.0,,
184,2266.0,,
185,24.0,,
208,1673.0,,
217,55.0,,
217,73.0,,
219,1673.0,,
235,1081.0,,
290,286.0,,
303,1081.0,,
316,51.0,,
329,328.0,,
331,328.0,,
331,1081.0,,
336,328.0,,
336,1081.0,,
347,1665.0,,
354,2745.0,,
359,2504.0,,
361,2504.0,,
394,284.0,,
395,1673.0,,
399,1665.0,,
401,328.0,,
412,1694.0,,
420,1673.0,,
422,423.0,,
448,2504.0,,
469,2890.0,,
483,1665.0,,
496,235.0,,
499,2163.0,,
507,328.0,,
507,2504.0,,
522,328.0,,
551,1158.0,,
552,1244.0,,
563,1673.0,,
573,166.0,,
578,2274.0,,
592,593.0,,
593,961.0,,
596,100.0,,
603,1665.0,,
605,1694.0,,
606,1694.0,,
610,1571.0,,
618,1571.0,,
622,1114.0,,
624,1665.0,,
631,507.0,,
649,328.0,,
650,1571.0,,
655,100.0,,
679,2949.0,,
682,328.0,,
683,682.0,,
688,2551.0,,
697,2135.0,,
702,100.0,,
720,700.0,,
728,700.0,,
743,37.0,,
743,742.0,,
770,328.0,,
773,2504.0,,
785,51.0,,
785,112.0,,
785,328.0,,
797,2659.0,,
813,328.0,,
815,328.0,,
855,961.0,,
855,1809.0,,
855,2003.0,,
855,2004.0,,
867,1592.0,,
896,507.0,,
912,1673.0,,
918,925.0,,
944,2308.0,,
946,1665.0,,
947,1665.0,,
973,981.0,,
984,596.0,,
984,992.0,,
987,961.0,,
987,992.0,,
997,1081.0,,
1018,1020.0,,
1018,2181.0,,
1020,51.0,,
1022,284.0,,
1028,1665.0,,
1061,1571.0,,
1062,1748.0,,
1082,24.0,,
1089,1665.0,,
1097,1081.0,,
1101,166.0,,
1104,24.0,,
1114,1673.0,,
1116,1114.0,,
1119,1560.0,,
1125,1673.0,,
1156,328.0,,
1158,112.0,,
1175,1748.0,,
1179,24.0,,
1184,961.0,,
1239,51.0,,
1253,100.0,,
1322,1665.0,,
1324,2949.0,,
1387,1389.0,,
1387,1673.0,,
1388,785.0,,
1417,1414.0,,
1404,1414.0,,
1404,1665.0,,
1408,1414.0,,
1424,2504.0,,
1431,1673.0,,
1432,1081.0,,
1441,1571.0,,
1451,161.0,,
1451,785.0,,
1460,1571.0,,
1483,235.0,,
1483,1482.0,,
1484,1665.0,,
1485,2315.0,,
1485,2968.0,,
1556,1571.0,,
1558,161.0,,
1567,24.0,,
1572,1571.0,,
1584,1571.0,,
1621,1560.0,,
1650,1673.0,,
1651,1673.0,,
1656,1673.0,,
1666,24.0,,
1666,1665.0,,
1668,596.0,,
1668,1665.0,,
1673,328.0,,
1675,328.0,,
1675,1673.0,,
1690,1694.0,,
1691,1081.0,,
1691,1690.0,,
1706,563.0,,
1742,1694.0,,
1743,51.0,,
1758,1807.0,,
1777,328.0,,
1792,2663.0,,
1807,1809.0,,
1809,328.0,,
1814,1815.0,,
1815,2659.0,,
1816,1158.0,,
1849,112.0,,
1849,1743.0,,
1851,112.0,,
1851,1743.0,,
1875,328.0,,
1876,2266.0,,
1885,925.0,,
1907,328.0,,
1929,1414.0,,
1936,328.0,,
1947,507.0,,
1948,51.0,,
1961,507.0,,
1993,2504.0,,
1994,2504.0,,
2000,37.0,,
2002,328.0,,
2003,328.0,,
2003,1809.0,,
2004,328.0,,
2004,1809.0,,
2009,1748.0,,
2012,1694.0,,
2013,51.0,,
2030,1665.0,,
2030,2029.0,,
2056,423.0,,
2059,1665.0,,
2069,328.0,,
2090,2274.0,,
2126,24.0,,
2135,166.0,,
2141,469.0,,
2143,1665.0,,
2144,24.0,,
2146,1673.0,,
2146,2147.0,,
2147,286.0,,
2163,51.0,,
2169,1748.0,,
2181,328.0,,
2182,1673.0,,
2194,1081.0,,
2212,1665.0,,
2212,2504.0,,
2224,507.0,,
2224,2504.0,,
2237,981.0,,
2237,1081.0,,
2246,100.0,,
2255,328.0,,
2257,2266.0,,
2263,1694.0,,
2265,2266.0,,
2266,328.0,,
2270,2708.0,,
2271,2890.0,,
2283,328.0,,
2284,328.0,,
2290,1571.0,,
2315,328.0,,
2318,1285.0,,
2324,2193.0,,
2325,1694.0,,
2326,2325.0,,
2330,51.0,,
2347,2504.0,,
2365,24.0,,
2376,2266.0,,
2388,2504.0,,
2396,328.0,,
2400,328.0,,
2403,975.0,,
2404,1665.0,,
2418,1748.0,,
2435,1673.0,,
2441,100.0,,
2448,2447.0,,
2505,1575.0,,
2505,2504.0,,
2507,2504.0,,
2525,568.0,,
2571,925.0,,
2628,1694.0,,
2641,2504.0,,
2662,2659.0,,
2665,1665.0,,
2665,2663.0,,
2670,2663.0,,
2708,328.0,,
2709,469.0,,
2709,2708.0,,
2741,1414.0,,
2741,1665.0,,
2743,1414.0,,
2745,2504.0,,
2748,2181.0,,
2749,2504.0,,
2796,37.0,,
2796,1414.0,,
2819,24.0,,
2820,1571.0,,
2822,328.0,,
2824,1665.0,,
2826,1414.0,,
2829,1414.0,,
2831,1694.0,,
2834,975.0,,
2846,1665.0,,
2846,2504.0,,
2858,140.0,,
2858,1673.0,,
2860,975.0,,
2869,328.0,,
2808,2504.0,,
2890,328.0,,
2896,1560.0,,
2899,328.0,,
2917,2953.0,,
2923,1081.0,,
2944,161.0,,
2949,328.0,,
2953,2949.0,,
2918,785.0,,
2918,2949.0,,
2967,981.0,,
2968,1081.0,,
2977,68.0,,
2977,108.0,,
2978,1748.0,,
2978,2977.0,,
2983,2266.0,,
3021,961.0,,
3032,3035.0,,
3036,3035.0,,
3075,507.0,,
24,330.0,,
26,24.0,,
35,1030.0,,
38,1571.0,,
59,1653.0,,
60,1764.0,,
65,147.0,,
67,1571.0,,
90,1571.0,,
113,1098.0,,
147,893.0,,
177,1665.0,,
216,876.0,,
218,1571.0,,
233,1653.0,,
232,1098.0,,
236,1571.0,,
269,1844.0,,
303,24.0,,
312,1665.0,,
319,24.0,,
321,1764.0,,
327,328.0,,
327,2733.0,,
330,37.0,,
335,1653.0,,
337,147.0,,
339,328.0,,
341,1665.0,,
346,328.0,,
348,328.0,,
349,328.0,,
349,2029.0,,
350,328.0,,
351,328.0,,
351,2248.0,,
388,2428.0,,
390,1665.0,,
391,1653.0,,
392,1081.0,,
393,1653.0,,
398,1081.0,,
400,1098.0,,
406,1653.0,,
425,1585.0,,
433,1571.0,,
433,1585.0,,
496,1081.0,,
497,1571.0,,
498,1665.0,,
500,893.0,,
502,1585.0,,
510,1665.0,,
517,1586.0,,
520,1693.0,,
521,1571.0,,
535,893.0,,
585,1665.0,,
586,1665.0,,
594,1571.0,,
597,328.0,,
598,1764.0,,
599,1653.0,,
601,1571.0,,
611,1586.0,,
611,1711.0,,
614,26.0,,
617,1764.0,,
632,1081.0,,
633,330.0,,
633,1571.0,,
634,633.0,,
638,24.0,,
640,1764.0,,
652,1665.0,,
654,1586.0,,
676,1653.0,,
681,1665.0,,
686,1571.0,,
755,1764.0,,
762,1711.0,,
768,1653.0,,
772,1653.0,,
779,1653.0,,
780,1081.0,,
792,147.0,,
792,791.0,,
795,1665.0,,
828,1653.0,,
837,1665.0,,
842,1764.0,,
860,1653.0,,
3109,328.0,,
866,1665.0,,
874,893.0,,
874,1711.0,,
876,1764.0,,
877,791.0,,
877,893.0,,
878,1764.0,,
879,147.0,,
879,1188.0,,
880,1653.0,,
881,147.0,,
881,1308.0,,
882,1653.0,,
884,893.0,,
886,147.0,,
886,2181.0,,
887,147.0,,
887,2193.0,,
888,147.0,,
888,2648.0,,
889,147.0,,
889,2733.0,,
890,1764.0,,
891,893.0,,
892,1764.0,,
894,1764.0,,
895,1764.0,,
899,147.0,,
899,898.0,,
903,1653.0,,
908,1764.0,,
909,1571.0,,
917,328.0,,
958,1571.0,,
972,1665.0,,
976,1571.0,,
986,147.0,,
986,992.0,,
989,1571.0,,
998,1098.0,,
1030,1653.0,,
1031,2956.0,,
1034,893.0,,
1048,1764.0,,
1059,1081.0,,
1088,1571.0,,
1090,1081.0,,
1093,1081.0,,
1093,1571.0,,
1094,1081.0,,
1098,24.0,,
1098,1081.0,,
1099,1098.0,,
1100,147.0,,
1100,1081.0,,
1103,1764.0,,
1105,1653.0,,
1120,24.0,,
1145,24.0,,
1159,1711.0,,
1172,878.0,,
1176,1653.0,,
1180,26.0,,
1181,26.0,,
1210,1211.0,,
1211,1764.0,,
1228,24.0,,
1246,779.0,,
1279,147.0,,
1282,1571.0,,
1303,2428.0,,
1321,1665.0,,
1333,1653.0,,
1374,1571.0,,
1378,1665.0,,
1379,1098.0,,
1382,1764.0,,
1397,1653.0,,
1422,1665.0,,
1423,1711.0,,
1425,1081.0,,
1426,1571.0,,
1449,1764.0,,
1450,1653.0,,
1454,328.0,,
1455,1571.0,,
1456,147.0,,
1457,1081.0,,
1458,26.0,,
1459,1571.0,,
1461,1586.0,,
1464,1571.0,,
1465,26.0,,
1465,185.0,,
1467,2888.0,,
1468,1571.0,,
1479,1764.0,,
1482,1653.0,,
1356,1653.0,,
1495,2428.0,,
1513,2428.0,,
1543,147.0,,
1545,1665.0,,
1550,893.0,,
1555,147.0,,
1573,147.0,,
1573,1586.0,,
1579,158.0,,
1579,1571.0,,
1580,1571.0,,
1581,1586.0,,
1585,1571.0,,
1586,1571.0,,
1614,1081.0,,
1652,1653.0,,
1667,26.0,,
1667,1666.0,,
1669,1665.0,,
1671,1081.0,,
1680,876.0,,
1681,2956.0,,
1685,1571.0,,
1686,1764.0,,
1688,893.0,,
1689,1686.0,,
1693,1686.0,,
1699,1665.0,,
1708,1665.0,,
1711,893.0,,
1712,1711.0,,
1737,1711.0,,
1741,1571.0,,
1752,632.0,,
1752,633.0,,
1765,893.0,,
1798,1571.0,,
1812,893.0,,
1833,147.0,,
1834,1653.0,,
1835,1653.0,,
1836,1835.0,,
1837,1835.0,,
1838,1835.0,,
1843,520.0,,
1844,1693.0,,
1845,1693.0,,
1887,1653.0,,
1888,1653.0,,
1900,147.0,,
1955,1653.0,,
1957,1764.0,,
2001,1665.0,,
2006,1693.0,,
2007,1693.0,,
2011,328.0,,
2018,893.0,,
2031,1711.0,,
2033,876.0,,
2095,1764.0,,
2129,520.0,,
2180,893.0,,
2216,1665.0,,
2223,1764.0,,
2228,1764.0,,
2229,1653.0,,
2232,1586.0,,
2245,1665.0,,
2256,328.0,,
2259,1571.0,,
2259,2256.0,,
2260,1665.0,,
2268,1764.0,,
2273,1764.0,,
2313,147.0,,
2314,147.0,,
2316,1081.0,,
2317,1764.0,,
2319,1571.0,,
2323,1571.0,,
2332,1653.0,,
2353,1665.0,,
2389,2273.0,,
2390,1030.0,,
2392,1764.0,,
2401,1653.0,,
2402,1665.0,,
2409,147.0,,
2428,1585.0,,
2434,1764.0,,
2442,1665.0,,
2449,1764.0,,
2461,1764.0,,
2462,1665.0,,
2467,1585.0,,
2477,1586.0,,
2506,1665.0,,
2514,1653.0,,
2517,1764.0,,
2588,1211.0,,
2589,147.0,,
2590,1665.0,,
2594,2428.0,,
2598,1764.0,,
2599,1653.0,,
2621,24.0,,
2622,1764.0,,
2624,876.0,,
2644,1585.0,,
2645,147.0,,
2689,1571.0,,
2711,1571.0,,
2718,1653.0,,
2734,1571.0,,
2734,1585.0,,
2739,1081.0,,
2747,1665.0,,
2770,876.0,,
2776,1764.0,,
2773,1665.0,,
2775,1653.0,,
2802,1665.0,,
2812,1665.0,,
2818,1081.0,,
2828,1665.0,,
2888,328.0,,
2888,1764.0,,
2892,876.0,,
2898,1571.0,,
2900,147.0,,
2910,1571.0,,
2922,1764.0,,
2924,1653.0,,
2925,1571.0,,
2928,876.0,,
2941,147.0,,
2956,1764.0,,
3019,1764.0,,
3050,147.0,,
3072,1081.0,,
3084,1585.0,,
3094,1585.0,,
702,104.0,,
540,555.0,,
554,555.0,,
569,555.0,,
1076,555.0,,
1323,555.0,,
1623,555.0,,
1647,555.0,,
1702,555.0,,
1715,555.0,,
1720,555.0,,
2026,555.0,,
2088,555.0,,
2278,555.0,,
2761,555.0,,
2973,555.0,,
3035,555.0,,
2989,555.0,,
2532,555.0,,
1988,555.0,,
2362,555.0,,
104,724.0,,
713,724.0,,
716,724.0,,
720,724.0,,
742,724.0,,
2275,724.0,,
1718,1720.0,,
77,1721.0,,
1143,1721.0,,
1237,1721.0,,
1718,1721.0,,
1720,1721.0,,
2239,1721.0,,
2733,1721.0,,
665,555.0,,
832,555.0,,
1194,1721.0,,
556,2551.0,,
1476,1414.0,,
2235,1414.0,,
2742,555.0,,
553,555.0,,
567,555.0,,
20,2362.0,,
42,104.0,,
87,742.0,,
101,104.0,,
103,104.0,,
9,2348.0,,
309,737.0,,
318,415.0,,
326,415.0,,
331,702.0,,
332,104.0,,
342,340.0,,
343,340.0,,
344,340.0,,
345,340.0,,
413,949.0,,
414,413.0,,
414,1332.0,,
415,1773.0,,
416,415.0,,
417,415.0,,
465,702.0,,
480,1076.0,,
608,2362.0,,
612,415.0,,
628,718.0,,
703,702.0,,
704,2757.0,,
707,949.0,,
712,742.0,,
714,713.0,,
717,716.0,,
718,702.0,,
726,716.0,,
730,713.0,,
744,742.0,,
745,742.0,,
746,742.0,,
749,742.0,,
750,742.0,,
753,2086.0,,
765,2348.0,,
833,742.0,,
834,833.0,,
836,1076.0,,
838,742.0,,
839,2633.0,,
846,2362.0,,
900,716.0,,
921,1076.0,,
949,713.0,,
982,949.0,,
1002,718.0,,
1039,702.0,,
1049,712.0,,
1077,1076.0,,
1078,1076.0,,
1083,702.0,,
1084,702.0,,
1091,718.0,,
1109,415.0,,
1161,415.0,,
1174,1076.0,,
1212,104.0,,
1235,742.0,,
1294,2362.0,,
1304,737.0,,
1260,730.0,,
1339,340.0,,
1500,716.0,,
1501,2362.0,,
1515,718.0,,
1517,1076.0,,
1548,836.0,,
1625,718.0,,
1631,1773.0,,
1695,104.0,,
1771,340.0,,
1773,702.0,,
1786,2757.0,,
1811,713.0,,
1832,2362.0,,
1839,742.0,,
1878,2757.0,,
1879,1878.0,,
1880,1878.0,,
1905,702.0,,
1916,2633.0,,
1917,1916.0,,
1920,1076.0,,
1932,1237.0,,
1936,2648.0,,
1882,1076.0,,
1986,718.0,,
1989,742.0,,
2010,836.0,,
2028,742.0,,
2042,340.0,,
2044,742.0,,
2048,2757.0,,
2058,415.0,,
2179,1773.0,,
2078,2757.0,,
2215,2757.0,,
2220,104.0,,
2221,718.0,,
2281,415.0,,
2348,702.0,,
2354,702.0,,
2421,716.0,,
2423,742.0,,
2423,2422.0,,
2439,702.0,,
2460,702.0,,
2468,702.0,,
2510,2362.0,,
2488,702.0,,
2489,2853.0,,
2556,702.0,,
2633,2648.0,,
2636,2633.0,,
2657,702.0,,
2693,136.0,,
2693,730.0,,
2493,2757.0,,
2495,2757.0,,
2496,2757.0,,
2497,2423.0,,
2729,718.0,,
2751,730.0,,
2752,730.0,,
2757,2362.0,,
2757,2423.0,,
2758,2362.0,,
2781,702.0,,
2797,702.0,,
2809,340.0,,
2810,730.0,,
2842,2757.0,,
2853,716.0,,
2875,718.0,,
2891,2757.0,,
2963,702.0,,
2980,949.0,,
3025,104.0,,
3040,716.0,,
3091,2636.0,,
1372,5.0,,
1644,5.0,,
2014,5.0,,
2453,5.0,,
2611,5.0,,
82,81.0,,
83,81.0,,
95,81.0,,
94,81.0,,
1234,81.0,,
1648,81.0,,
2139,81.0,,
2381,81.0,,
2536,81.0,,
2608,81.0,,
2679,81.0,,
2902,81.0,,
125,124.0,,
126,124.0,,
130,124.0,,
131,124.0,,
133,124.0,,
134,124.0,,
136,124.0,,
137,124.0,,
138,124.0,,
127,124.0,,
117,125.0,,
402,126.0,,
627,127.0,,
1262,129.0,,
1278,130.0,,
1311,131.0,,
1527,133.0,,
1725,134.0,,
2176,135.0,,
2692,136.0,,
2767,137.0,,
2877,138.0,,
501,144.0,,
948,144.0,,
1435,144.0,,
1475,144.0,,
1754,144.0,,
1913,144.0,,
2130,144.0,,
2832,144.0,,
829,165.0,,
1164,165.0,,
1676,264.0,,
271,273.0,,
272,273.0,,
2234,273.0,,
363,362.0,,
862,362.0,,
1153,362.0,,
1640,362.0,,
367,366.0,,
942,368.0,,
1774,368.0,,
305,397.0,,
379,397.0,,
380,397.0,,
381,397.0,,
1984,397.0,,
2,552.0,,
4,552.0,,
1239,552.0,,
1242,552.0,,
2712,552.0,,
2272,554.0,,
2664,569.0,,
299,659.0,,
659,665.0,,
661,665.0,,
928,665.0,,
953,665.0,,
1275,665.0,,
1498,665.0,,
1499,665.0,,
2111,665.0,,
2320,665.0,,
2359,665.0,,
3004,665.0,,
13,731.0,,
732,731.0,,
733,731.0,,
739,731.0,,
802,731.0,,
2140,731.0,,
2712,731.0,,
107,757.0,,
228,757.0,,
706,757.0,,
1154,757.0,,
1346,757.0,,
1530,757.0,,
1788,757.0,,
2431,757.0,,
2530,757.0,,
790,789.0,,
294,790.0,,
1494,790.0,,
116,790.0,,
931,930.0,,
932,930.0,,
933,930.0,,
934,930.0,,
935,930.0,,
937,930.0,,
938,930.0,,
939,930.0,,
1705,930.0,,
2067,932.0,,
47,953.0,,
293,953.0,,
708,953.0,,
747,953.0,,
952,953.0,,
954,953.0,,
1079,953.0,,
1299,953.0,,
2969,953.0,,
3081,953.0,,
3081,1044.0,,
1509,1075.0,,
952,1076.0,,
1075,1076.0,,
2934,1076.0,,
1678,1143.0,,
2929,1158.0,,
1160,1158.0,,
1204,1202.0,,
1203,1202.0,,
1850,1239.0,,
2543,1275.0,,
2953,1319.0,,
1319,1323.0,,
2951,1323.0,,
1043,1332.0,,
1258,1332.0,,
1362,1414.0,,
789,1362.0,,
1017,1497.0,,
1498,1497.0,,
1499,1497.0,,
1502,1497.0,,
1505,1497.0,,
1506,1497.0,,
1508,1507.0,,
2394,1508.0,,
1953,1508.0,,
2408,1508.0,,
3115,1508.0,,
1608,1616.0,,
1678,1623.0,,
715,1678.0,,
1990,1678.0,,
2961,1678.0,,
10,1677.0,,
1041,1702.0,,
1044,1702.0,,
1332,1702.0,,
1538,1702.0,,
2552,1702.0,,
2591,1702.0,,
2719,1702.0,,
2720,1702.0,,
1557,1715.0,,
1597,1718.0,,
127,1814.0,,
1488,1935.0,,
3089,1935.0,,
930,1936.0,,
1613,2026.0,,
3120,2026.0,,
2674,2026.0,,
2921,2026.0,,
2932,2026.0,,
3052,2026.0,,
2108,2111.0,,
2109,2111.0,,
2110,2111.0,,
2112,2111.0,,
2113,2111.0,,
2114,2111.0,,
2116,2111.0,,
2545,2111.0,,
2547,2111.0,,
2073,2072.0,,
2074,2072.0,,
2075,2072.0,,
2076,2072.0,,
2145,2074.0,,
3095,2074.0,,
75,2275.0,,
1639,2275.0,,
2558,2275.0,,
2794,2275.0,,
2999,2275.0,,
3002,2275.0,,
1677,2278.0,,
2321,2320.0,,
1355,2339.0,,
2334,2339.0,,
2522,2339.0,,
2473,2367.0,,
2395,2394.0,,
2072,2532.0,,
845,2659.0,,
2487,2659.0,,
2533,2659.0,,
2672,2659.0,,
2660,2659.0,,
2661,2659.0,,
2669,2659.0,,
3026,2659.0,,
2407,2659.0,,
789,2659.0,,
528,2663.0,,
564,2663.0,,
757,2663.0,,
1036,2663.0,,
1134,2663.0,,
1140,2663.0,,
1142,2663.0,,
1826,2663.0,,
2656,2663.0,,
144,2664.0,,
5,2669.0,,
124,2669.0,,
1554,2669.0,,
1655,2679.0,,
2037,2679.0,,
2676,2679.0,,
2677,2679.0,,
1504,2493.0,,
1766,2493.0,,
408,2742.0,,
818,2742.0,,
1314,2742.0,,
1342,2742.0,,
1345,2742.0,,
1935,2742.0,,
397,2761.0,,
1510,2761.0,,
14,2794.0,,
15,2794.0,,
367,2794.0,,
1505,2794.0,,
2075,2794.0,,
273,2903.0,,
2807,2932.0,,
2933,2932.0,,
2934,2932.0,,
2935,2932.0,,
2936,2932.0,,
2937,2932.0,,
2938,2932.0,,
1949,2938.0,,
2952,2951.0,,
2954,2953.0,,
1340,2973.0,,
2207,2973.0,,
2366,2973.0,,
2686,2973.0,,
2767,2973.0,,
2972,2973.0,,
1506,2989.0,,
1531,2989.0,,
1776,2989.0,,
2050,2989.0,,
2092,2989.0,,
2798,2989.0,,
2990,2989.0,,
2991,2989.0,,
2957,2998.0,,
3000,2998.0,,
1149,3026.0,,
3027,3026.0,,
3028,3026.0,,
3029,3026.0,,
3030,3026.0,,
3034,3026.0,,
3037,3026.0,,
3038,3026.0,,
3044,3026.0,,
1332,3034.0,,
2445,3034.0,,
109,3037.0,,
1565,2074.0,,
609,2663.0,,
1728,194.0,,
194,4.0,,
377,540.0,,
1255,540.0,,
1222,540.0,,
12,77.0,,
50,1647.0,,
97,2733.0,,
98,1194.0,,
141,2887.0,,
171,766.0,,
171,1940.0,,
199,1647.0,,
247,253.0,,
248,253.0,,
249,253.0,,
251,253.0,,
251,2241.0,,
253,2733.0,,
275,2122.0,,
322,2887.0,,
405,1647.0,,
370,141.0,,
437,2772.0,,
438,437.0,,
438,2412.0,,
536,1194.0,,
560,1647.0,,
560,2122.0,,
582,2586.0,,
583,842.0,,
588,98.0,,
607,1368.0,,
619,171.0,,
623,1194.0,,
625,2243.0,,
657,1822.0,,
657,1825.0,,
701,1822.0,,
716,2122.0,,
693,467.0,,
756,322.0,,
783,1194.0,,
811,1367.0,,
821,1647.0,,
821,2733.0,,
904,1336.0,,
926,77.0,,
968,1647.0,,
969,968.0,,
1016,1194.0,,
1065,1647.0,,
1066,821.0,,
1066,1647.0,,
1068,821.0,,
1069,171.0,,
1091,2733.0,,
1135,1194.0,,
1167,2737.0,,
1185,1647.0,,
1208,2887.0,,
1238,2586.0,,
1252,1822.0,,
1296,2586.0,,
1334,1647.0,,
1336,2733.0,,
1368,560.0,,
1370,560.0,,
1373,2584.0,,
1347,1208.0,,
1380,968.0,,
1381,2231.0,,
1385,1647.0,,
1386,1647.0,,
1401,2122.0,,
1490,2772.0,,
1491,2887.0,,
1524,467.0,,
1526,2772.0,,
1529,171.0,,
1529,2339.0,,
1532,2231.0,,
1553,2412.0,,
1568,2879.0,,
1578,1647.0,,
1595,1594.0,,
1598,2412.0,,
1622,2733.0,,
1627,2412.0,,
1632,2275.0,,
1633,141.0,,
1648,1647.0,,
1724,77.0,,
1726,2586.0,,
1821,2584.0,,
1822,1647.0,,
1823,1647.0,,
1825,1647.0,,
1852,2887.0,,
1866,1598.0,,
1872,97.0,,
1874,1598.0,,
1890,1892.0,,
1892,766.0,,
1892,1647.0,,
1893,1892.0,,
1895,1892.0,,
1896,1892.0,,
1896,2339.0,,
1897,1892.0,,
1906,2733.0,,
1940,1647.0,,
1959,821.0,,
1960,1598.0,,
1962,2733.0,,
1964,1336.0,,
1976,1594.0,,
1983,560.0,,
2019,560.0,,
2055,2413.0,,
2065,842.0,,
2070,1647.0,,
2089,969.0,,
2096,2101.0,,
2097,2101.0,,
2100,2101.0,,
2101,1891.0,,
2122,1647.0,,
2122,2772.0,,
2128,171.0,,
2186,2772.0,,
2205,2412.0,,
2221,2733.0,,
2231,1066.0,,
2240,1647.0,,
2244,1647.0,,
2244,2241.0,,
2338,1647.0,,
2338,2339.0,,
2338,2882.0,,
2363,1822.0,,
2380,1647.0,,
2383,2952.0,,
2405,171.0,,
2406,2586.0,,
2412,1647.0,,
2412,2733.0,,
2413,2412.0,,
2415,2412.0,,
2417,1892.0,,
2420,77.0,,
2455,2412.0,,
2527,1647.0,,
2527,2339.0,,
2528,1822.0,,
2562,1602.0,,
2562,1892.0,,
2563,2562.0,,
2564,2562.0,,
2566,2562.0,,
2569,1647.0,,
2570,2569.0,,
2575,1891.0,,
2577,2578.0,,
2578,2583.0,,
2579,2578.0,,
2580,2578.0,,
2581,2578.0,,
2582,969.0,,
2583,1647.0,,
2584,2583.0,,
2585,2241.0,,
2586,2583.0,,
2586,2772.0,,
2601,1822.0,,
2615,2586.0,,
2698,467.0,,
2700,2122.0,,
2726,1336.0,,
2729,2733.0,,
2737,2241.0,,
2755,2584.0,,
2841,1647.0,,
2841,2339.0,,
2854,2101.0,,
2879,1892.0,,
2882,1632.0,,
2882,1647.0,,
2886,1194.0,,
2887,1647.0,,
2895,1647.0,,
2966,2887.0,,
3,3033.0,,
88,296.0,,
89,457.0,,
132,2297.0,,
214,3033.0,,
215,296.0,,
1770,457.0,,
220,1770.0,,
221,1551.0,,
243,3033.0,,
254,296.0,,
295,317.0,,
296,295.0,,
297,296.0,,
314,296.0,,
317,3033.0,,
385,3033.0,,
426,296.0,,
452,451.0,,
457,451.0,,
462,451.0,,
463,462.0,,
464,462.0,,
372,3033.0,,
471,296.0,,
513,296.0,,
514,1169.0,,
589,1169.0,,
590,1930.0,,
621,1335.0,,
751,1216.0,,
752,751.0,,
695,852.0,,
696,852.0,,
850,3047.0,,
852,3041.0,,
853,3047.0,,
859,852.0,,
907,1618.0,,
929,3033.0,,
864,456.0,,
953,1335.0,,
994,296.0,,
1060,296.0,,
1166,1618.0,,
1168,317.0,,
1169,1168.0,,
1206,1618.0,,
1150,3047.0,,
1155,1169.0,,
1215,296.0,,
1217,456.0,,
1221,1551.0,,
1261,1335.0,,
1335,2297.0,,
1338,456.0,,
3112,3047.0,,
1469,1914.0,,
1470,3033.0,,
1486,3041.0,,
1525,1169.0,,
1546,3047.0,,
1551,451.0,,
1611,3033.0,,
1618,1914.0,,
1636,3033.0,,
1637,3033.0,,
1727,296.0,,
1772,296.0,,
1782,3041.0,,
1793,3047.0,,
1854,1169.0,,
1903,296.0,,
1910,3033.0,,
1911,3033.0,,
1922,1618.0,,
1923,1618.0,,
2017,451.0,,
2025,296.0,,
2063,296.0,,
2084,3033.0,,
2177,1169.0,,
2297,1914.0,,
2331,296.0,,
2344,3033.0,,
3124,3033.0,,
2500,3047.0,,
2503,296.0,,
2513,296.0,,
2534,1169.0,,
2544,2297.0,,
2614,296.0,,
2616,3033.0,,
2713,296.0,,
2498,296.0,,
2764,1930.0,,
3125,3047.0,,
2839,1169.0,,
2881,1169.0,,
2882,296.0,,
2916,296.0,,
3011,296.0,,
3129,3033.0,,
3022,1169.0,,
3024,144.0,,
3024,3033.0,,
3024,3041.0,,
3033,3074.0,,
3041,1914.0,,
3042,3041.0,,
3046,317.0,,
3047,3046.0,,
3074,1914.0,,
3086,456.0,,
3082,1930.0,,
3092,296.0,,
3102,3041.0,,
16,1408.0,,
17,16.0,,
18,16.0,,
19,16.0,,
49,1415.0,,
123,145.0,,
143,1863.0,,
144,569.0,,
145,556.0,,
145,1408.0,,
188,556.0,,
189,188.0,,
190,188.0,,
190,2297.0,,
191,188.0,,
204,1348.0,,
207,1408.0,,
227,1415.0,,
227,3017.0,,
240,188.0,,
261,2649.0,,
287,2706.0,,
298,427.0,,
299,665.0,,
306,2297.0,,
427,665.0,,
428,427.0,,
430,1927.0,,
504,3017.0,,
505,3017.0,,
506,3017.0,,
543,556.0,,
548,1415.0,,
550,1408.0,,
557,1716.0,,
559,1415.0,,
561,1661.0,,
600,2235.0,,
644,188.0,,
644,427.0,,
644,2297.0,,
378,2649.0,,
663,665.0,,
663,2382.0,,
664,665.0,,
664,2382.0,,
665,1408.0,,
685,1408.0,,
685,1415.0,,
689,1408.0,,
690,1408.0,,
711,1604.0,,
721,2235.0,,
722,2236.0,,
727,2551.0,,
730,2753.0,,
735,1914.0,,
736,1914.0,,
740,1408.0,,
747,742.0,,
775,1415.0,,
775,3017.0,,
788,2382.0,,
806,2329.0,,
823,3017.0,,
830,2297.0,,
831,2297.0,,
835,775.0,,
841,1408.0,,
869,1415.0,,
869,3017.0,,
911,2649.0,,
916,16.0,,
922,665.0,,
940,2706.0,,
950,665.0,,
951,953.0,,
951,1076.0,,
954,2663.0,,
966,1927.0,,
966,2297.0,,
1003,1914.0,,
1004,1003.0,,
1005,1003.0,,
1006,1003.0,,
1007,1003.0,,
1037,1415.0,,
1042,2297.0,,
1043,1702.0,,
1045,1702.0,,
1046,1702.0,,
1063,1003.0,,
1073,1003.0,,
1092,2235.0,,
1102,556.0,,
1201,1003.0,,
1272,2382.0,,
1316,1927.0,,
1260,2753.0,,
1344,17.0,,
1405,2235.0,,
1412,1408.0,,
1413,1412.0,,
1415,1408.0,,
1439,1927.0,,
1440,188.0,,
1452,1914.0,,
1471,665.0,,
1472,2297.0,,
1473,1408.0,,
1474,665.0,,
1474,2297.0,,
1481,556.0,,
1348,1472.0,,
1349,1348.0,,
1350,1348.0,,
1351,2706.0,,
1352,1348.0,,
1353,1863.0,,
1354,1927.0,,
1503,2649.0,,
1534,665.0,,
1535,665.0,,
1535,2297.0,,
1539,1415.0,,
1541,1415.0,,
1588,19.0,,
1603,1003.0,,
1604,1921.0,,
1605,1604.0,,
1605,2297.0,,
1606,1604.0,,
1607,2297.0,,
1624,1415.0,,
1638,2706.0,,
1661,1415.0,,
1661,3017.0,,
1662,1661.0,,
1663,1661.0,,
1664,1661.0,,
1740,16.0,,
1747,2235.0,,
1753,665.0,,
1762,1003.0,,
1817,1472.0,,
1819,1408.0,,
1820,1819.0,,
1829,427.0,,
1846,788.0,,
1846,2302.0,,
1857,188.0,,
1855,188.0,,
1860,1863.0,,
1861,2297.0,,
1862,1863.0,,
1862,2297.0,,
1863,1914.0,,
1871,1927.0,,
1915,16.0,,
1915,1929.0,,
1921,1914.0,,
1927,1914.0,,
1929,1408.0,,
1931,2649.0,,
1933,1604.0,,
2008,2297.0,,
2039,2297.0,,
2106,556.0,,
2107,2106.0,,
2107,2297.0,,
2109,2106.0,,
2110,2106.0,,
2111,2106.0,,
2112,2106.0,,
2113,2106.0,,
2114,2106.0,,
2115,2106.0,,
2124,1415.0,,
2157,1415.0,,
2157,3017.0,,
2171,2551.0,,
2188,188.0,,
2227,2329.0,,
2236,2235.0,,
2238,3017.0,,
2247,788.0,,
2247,2302.0,,
2298,1863.0,,
2302,2382.0,,
2322,665.0,,
2328,2329.0,,
2329,953.0,,
2382,557.0,,
2382,665.0,,
2382,2733.0,,
2385,1661.0,,
2393,2649.0,,
2430,188.0,,
2451,3017.0,,
2457,2236.0,,
2463,2329.0,,
2466,19.0,,
2469,1415.0,,
2470,1927.0,,
2472,1927.0,,
2472,2297.0,,
2480,145.0,,
2529,726.0,,
2529,1415.0,,
2548,145.0,,
2549,145.0,,
2542,145.0,,
2545,2106.0,,
2546,2106.0,,
2546,2297.0,,
2557,145.0,,
2604,665.0,,
2605,2322.0,,
2625,3017.0,,
2640,2551.0,,
2649,1914.0,,
2650,2649.0,,
2651,2649.0,,
2652,2649.0,,
2685,1863.0,,
2693,2753.0,,
2706,3017.0,,
2715,1661.0,,
2494,1415.0,,
2735,665.0,,
2750,427.0,,
2751,2753.0,,
2752,2753.0,,
2753,1914.0,,
2765,427.0,,
2793,953.0,,
2810,2753.0,,
2814,3017.0,,
2843,19.0,,
2961,2753.0,,
2987,1348.0,,
2995,1927.0,,
2995,2297.0,,
3017,556.0,,
3017,1408.0,,
3018,1702.0,,
3031,1408.0,,
3045,1415.0,,
3055,2297.0,,
3055,3060.0,,
3056,3060.0,,
3057,3060.0,,
3058,3060.0,,
3059,3060.0,,
3060,1914.0,,
3061,3060.0,,
3062,2297.0,,
3063,1929.0,,
3063,3060.0,,
3064,3060.0,,
,,3129,4.0
,,3130,4.0
,,3131,4.0
,,3132,4.0
,,3133,4.0
,,1666,24.0
,,1082,24.0
,,303,24.0
,,232,24.0
,,3138,24.0
,,185,24.0
,,3140,24.0
,,3141,24.0
,,3142,24.0
,,3143,24.0
,,3144,24.0
,,1120,24.0
,,3146,24.0
,,3147,24.0
,,3148,24.0
,,2621,24.0
,,3150,24.0
,,3151,24.0
,,3152,40.0
,,1160,51.0
,,3154,51.0
,,3155,51.0
,,3156,51.0
,,3157,51.0
,,3158,51.0
,,3159,51.0
,,3160,51.0
,,3161,51.0
,,3162,51.0
,,3163,51.0
,,3164,51.0
,,3165,70.0
,,70,71.0
,,3167,77.0
,,3168,77.0
,,1594,77.0
,,2679,81.0
,,3171,81.0
,,3172,81.0
,,3173,81.0
,,3174,81.0
,,3175,81.0
,,3176,81.0
,,3177,81.0
,,3178,81.0
,,3179,81.0
,,82,81.0
,,3181,81.0
,,271,81.0
,,2234,81.0
,,1275,81.0
,,3185,81.0
,,1234,81.0
,,3187,81.0
,,3189,81.0
,,3190,81.0
,,3191,81.0
,,3192,81.0
,,3193,81.0
,,3194,81.0
,,3195,81.0
,,1597,81.0
,,1183,81.0
,,3198,81.0
,,311,81.0
,,155,81.0
,,3201,81.0
,,3202,81.0
,,3203,81.0
,,3204,81.0
,,3205,81.0
,,3206,81.0
,,3207,81.0
,,3208,81.0
,,3209,81.0
,,3210,81.0
,,3211,81.0
,,3212,81.0
,,3213,81.0
,,3214,81.0
,,3215,85.0
,,786,93.0
,,3217,93.0
,,3218,93.0
,,1083,93.0
,,3220,93.0
,,3221,93.0
,,3222,93.0
,,3223,93.0
,,3224,93.0
,,3225,93.0
,,3226,93.0
,,3227,93.0
,,875,93.0
,,3229,93.0
,,3230,93.0
,,2725,93.0
,,2460,93.0
,,3233,93.0
,,3234,93.0
,,3235,93.0
,,3236,93.0
,,3237,93.0
,,1687,93.0
,,2220,93.0
,,3240,93.0
,,3241,93.0
,,3242,93.0
,,3243,93.0
,,3244,93.0
,,3245,93.0
,,3246,93.0
,,3247,93.0
,,3248,93.0
,,1916,93.0
,,2635,93.0
,,3251,93.0
,,1058,93.0
,,281,93.0
,,1972,93.0
,,3255,93.0
,,332,104.0
,,3257,104.0
,,2629,104.0
,,1212,104.0
,,3025,104.0
,,3261,112.0
,,3262,112.0
,,2881,115.0
,,3264,119.0
,,1011,119.0
,,3266,124.0
,,136,124.0
,,126,124.0
,,1214,144.0
,,449,144.0
,,3271,144.0
,,1718,150.0
,,161,153.0
,,3274,154.0
,,3275,154.0
,,3276,158.0
,,3277,161.0
,,3278,161.0
,,3279,161.0
,,3282,161.0
,,1558,161.0
,,3284,161.0
,,3285,161.0
,,3286,163.0
,,3287,163.0
,,3288,166.0
,,167,166.0
,,2163,166.0
,,3291,166.0
,,3292,166.0
,,3293,166.0
,,3294,166.0
,,3295,166.0
,,3296,169.0
,,3297,169.0
,,3298,180.0
,,3299,180.0
,,3301,180.0
,,3302,182.0
,,184,182.0
,,3304,182.0
,,3305,182.0
,,3306,182.0
,,3307,182.0
,,3308,182.0
,,3309,183.0
,,3310,185.0
,,3311,185.0
,,3312,185.0
,,3313,185.0
,,3314,185.0
,,3315,185.0
,,3316,185.0
,,3317,185.0
,,3318,185.0
,,3319,185.0
,,3320,185.0
,,3321,185.0
,,3322,5293.0
,,3323,206.0
,,3324,270.0
,,3325,273.0
,,272,273.0
,,3327,273.0
,,3328,284.0
,,3329,284.0
,,1022,284.0
,,1748,284.0
,,3332,284.0
,,3333,284.0
,,3334,284.0
,,3335,284.0
,,3336,284.0
,,3337,284.0
,,3338,284.0
,,3339,284.0
,,1186,284.0
,,3341,3607.0
,,3342,302.0
,,3343,303.0
,,1010,307.0
,,3345,307.0
,,3346,312.0
,,3347,312.0
,,3348,312.0
,,3349,312.0
,,3350,312.0
,,3351,312.0
,,3352,312.0
,,3353,312.0
,,3354,312.0
,,3355,312.0
,,3356,313.0
,,3357,313.0
,,1694,328.0
,,3359,328.0
,,93,328.0
,,3361,328.0
,,3362,328.0
,,2514,328.0
,,3364,328.0
,,3365,328.0
,,3366,328.0
,,1575,328.0
,,3368,328.0
,,3369,328.0
,,3370,328.0
,,1441,328.0
,,3372,328.0
,,3373,328.0
,,3374,328.0
,,3375,328.0
,,1907,328.0
,,319,328.0
,,3378,328.0
,,3379,328.0
,,3380,328.0
,,3381,328.0
,,3382,328.0
,,3383,328.0
,,3384,328.0
,,3385,328.0
,,3386,328.0
,,349,328.0
,,3388,328.0
,,3389,328.0
,,3390,328.0
,,3391,328.0
,,3392,328.0
,,350,328.0
,,3394,328.0
,,3395,328.0
,,3396,328.0
,,3397,328.0
,,331,328.0
,,3399,328.0
,,3400,328.0
,,682,328.0
,,3402,328.0
,,3403,328.0
,,351,328.0
,,3405,328.0
,,3406,328.0
,,3407,328.0
,,3409,328.0
,,3410,328.0
,,3411,328.0
,,3412,328.0
,,3413,328.0
,,3414,328.0
,,355,328.0
,,3416,328.0
,,2058,328.0
,,3418,328.0
,,3419,328.0
,,3420,328.0
,,3421,328.0
,,3422,328.0
,,3423,328.0
,,3424,328.0
,,842,328.0
,,3426,328.0
,,336,328.0
,,3428,328.0
,,353,328.0
,,3430,328.0
,,3431,328.0
,,680,328.0
,,3433,328.0
,,3434,328.0
,,3435,328.0
,,3436,328.0
,,3437,328.0
,,3438,328.0
,,330,328.0
,,3440,328.0
,,3441,328.0
,,3442,328.0
,,3443,328.0
,,3444,328.0
,,3445,328.0
,,3446,328.0
,,3447,328.0
,,3448,328.0
,,3449,328.0
,,3450,328.0
,,3451,328.0
,,3452,328.0
,,3453,328.0
,,3454,328.0
,,3455,328.0
,,2325,328.0
,,3457,328.0
,,3458,328.0
,,3459,328.0
,,3460,328.0
,,3461,328.0
,,3462,336.0
,,3463,336.0
,,3464,336.0
,,3465,340.0
,,3466,340.0
,,3467,351.0
,,3468,362.0
,,3469,362.0
,,3470,362.0
,,365,362.0
,,780,386.0
,,1557,386.0
,,3474,386.0
,,3475,386.0
,,3476,3383.0
,,237,415.0
,,318,415.0
,,3479,415.0
,,3480,415.0
,,1593,415.0
,,3482,423.0
,,3483,5651.0
,,3484,427.0
,,298,427.0
,,2750,427.0
,,3487,427.0
,,3488,427.0
,,3489,437.0
,,3490,4212.0
,,456,451.0
,,2672,451.0
,,450,451.0
,,129,451.0
,,3495,451.0
,,2989,451.0
,,3497,451.0
,,1213,451.0
,,1770,451.0
,,1216,456.0
,,1223,457.0
,,3502,467.0
,,3503,467.0
,,1524,467.0
,,3505,3508.0
,,3506,3508.0
,,3507,475.0
,,3508,478.0
,,3509,4714.0
,,3510,4714.0
,,3511,4714.0
,,3512,495.0
,,3513,507.0
,,3514,507.0
,,3515,507.0
,,3516,507.0
,,1704,507.0
,,930,507.0
,,3519,507.0
,,3520,507.0
,,3521,507.0
,,3522,507.0
,,3523,507.0
,,3524,507.0
,,3525,507.0
,,3526,507.0
,,3527,540.0
,,3528,546.0
,,4,552.0
,,3530,553.0
,,3531,553.0
,,3532,553.0
,,1431,554.0
,,3534,554.0
,,1647,555.0
,,523,555.0
,,1433,555.0
,,451,555.0
,,2027,555.0
,,2663,555.0
,,3541,555.0
,,3542,555.0
,,3543,555.0
,,3544,555.0
,,81,555.0
,,560,555.0
,,731,555.0
,,832,555.0
,,2794,555.0
,,3550,555.0
,,3551,555.0
,,546,555.0
,,3553,555.0
,,3554,555.0
,,3555,555.0
,,2861,555.0
,,549,555.0
,,3558,555.0
,,3559,555.0
,,3560,555.0
,,3561,555.0
,,3562,555.0
,,3563,555.0
,,3564,555.0
,,3565,556.0
,,1037,556.0
,,3567,560.0
,,3568,560.0
,,3569,560.0
,,1368,560.0
,,1367,560.0
,,3572,560.0
,,1983,560.0
,,1370,560.0
,,619,560.0
,,3576,560.0
,,3577,560.0
,,3578,560.0
,,3579,560.0
,,811,560.0
,,2162,560.0
,,3582,560.0
,,3583,560.0
,,2019,560.0
,,3585,560.0
,,3586,560.0
,,3587,567.0
,,2248,568.0
,,3589,568.0
,,3590,568.0
,,3591,568.0
,,3592,568.0
,,3593,568.0
,,1618,568.0
,,3595,568.0
,,1827,596.0
,,3597,596.0
,,1668,596.0
,,1696,596.0
,,333,596.0
,,606,3774.0
,,300,3774.0
,,3604,3774.0
,,3605,3774.0
,,3606,659.0
,,3607,659.0
,,3608,665.0
,,299,665.0
,,659,665.0
,,3611,665.0
,,953,665.0
,,3613,665.0
,,2106,665.0
,,3615,665.0
,,3616,665.0
,,2359,665.0
,,427,665.0
,,1534,665.0
,,3620,665.0
,,2322,665.0
,,3622,665.0
,,3623,665.0
,,3624,665.0
,,3625,665.0
,,3626,665.0
,,3627,665.0
,,3628,665.0
,,3629,674.0
,,3630,674.0
,,3631,674.0
,,3632,674.0
,,3633,674.0
,,3634,674.0
,,3635,674.0
,,3636,674.0
,,3637,674.0
,,3638,674.0
,,3639,674.0
,,3640,674.0
,,3641,674.0
,,3642,674.0
,,3643,674.0
,,3644,674.0
,,3645,674.0
,,3646,674.0
,,3647,674.0
,,3648,674.0
,,3649,674.0
,,3650,674.0
,,3651,674.0
,,3653,674.0
,,3654,674.0
,,3655,674.0
,,3656,674.0
,,3657,674.0
,,3658,674.0
,,3659,674.0
,,3660,674.0
,,3661,674.0
,,3662,674.0
,,3663,700.0
,,3664,700.0
,,712,700.0
,,742,700.0
,,3667,700.0
,,3668,700.0
,,3669,700.0
,,3670,700.0
,,3671,700.0
,,3672,700.0
,,3673,700.0
,,3674,700.0
,,3675,700.0
,,3676,700.0
,,728,700.0
,,3678,700.0
,,3679,700.0
,,3680,700.0
,,3681,700.0
,,3682,700.0
,,3683,700.0
,,735,700.0
,,3685,700.0
,,3686,700.0
,,3687,700.0
,,3688,702.0
,,3689,702.0
,,2178,702.0
,,3691,702.0
,,1039,702.0
,,1084,702.0
,,985,702.0
,,3695,702.0
,,2348,702.0
,,3697,702.0
,,3698,709.0
,,691,710.0
,,2853,716.0
,,264,724.0
,,340,724.0
,,702,724.0
,,737,724.0
,,6,724.0
,,716,724.0
,,165,731.0
,,1608,731.0
,,2903,731.0
,,3710,3678.0
,,3711,3678.0
,,3712,3678.0
,,3713,3678.0
,,3714,3678.0
,,2175,737.0
,,3716,737.0
,,1233,737.0
,,309,737.0
,,1304,737.0
,,3720,3671.0
,,3721,3671.0
,,3722,3671.0
,,3723,742.0
,,3724,742.0
,,833,742.0
,,3726,760.0
,,3727,760.0
,,3728,777.0
,,3729,780.0
,,3730,780.0
,,3731,780.0
,,3732,780.0
,,3733,784.0
,,3734,785.0
,,3034,785.0
,,1451,785.0
,,3737,785.0
,,3738,785.0
,,3739,785.0
,,3740,785.0
,,649,785.0
,,1157,785.0
,,3743,785.0
,,3744,785.0
,,3745,785.0
,,2214,785.0
,,3747,785.0
,,3748,785.0
,,3749,785.0
,,3750,785.0
,,3751,785.0
,,3752,785.0
,,3753,785.0
,,3754,785.0
,,3755,785.0
,,3756,785.0
,,3757,785.0
,,1420,785.0
,,3759,785.0
,,3760,785.0
,,1388,785.0
,,3762,785.0
,,1698,785.0
,,3764,785.0
,,3765,785.0
,,3766,785.0
,,3767,785.0
,,3768,785.0
,,2257,791.0
,,3770,791.0
,,3771,791.0
,,3772,791.0
,,3773,791.0
,,3774,791.0
,,3775,805.0
,,1974,805.0
,,3777,805.0
,,3778,807.0
,,3779,807.0
,,3780,807.0
,,3781,807.0
,,3782,3786.0
,,3783,3786.0
,,3784,810.0
,,1875,815.0
,,3786,816.0
,,2231,821.0
,,3788,832.0
,,3789,832.0
,,3790,833.0
,,3791,842.0
,,1962,842.0
,,3793,842.0
,,3794,842.0
,,3795,842.0
,,3796,842.0
,,3797,4154.0
,,3798,3414.0
,,3799,3414.0
,,3800,873.0
,,3801,873.0
,,3803,893.0
,,3804,893.0
,,1686,893.0
,,3806,893.0
,,3807,893.0
,,3808,893.0
,,3809,893.0
,,3810,893.0
,,3811,893.0
,,3813,893.0
,,3814,893.0
,,2129,893.0
,,3816,893.0
,,520,893.0
,,3818,893.0
,,3819,893.0
,,1482,893.0
,,3821,893.0
,,3822,893.0
,,3823,893.0
,,3824,893.0
,,3825,893.0
,,3826,893.0
,,3827,893.0
,,259,893.0
,,3829,893.0
,,3830,893.0
,,3831,893.0
,,3832,893.0
,,3833,893.0
,,3834,893.0
,,3835,893.0
,,3836,893.0
,,3837,893.0
,,3838,893.0
,,3839,893.0
,,2401,893.0
,,2924,893.0
,,1397,893.0
,,3843,893.0
,,3844,893.0
,,3845,893.0
,,1764,893.0
,,877,893.0
,,3848,893.0
,,874,893.0
,,3850,893.0
,,3851,893.0
,,3852,893.0
,,3853,893.0
,,3854,893.0
,,2229,893.0
,,887,893.0
,,3857,893.0
,,3858,893.0
,,3859,893.0
,,3860,3801.0
,,3861,896.0
,,3862,898.0
,,3863,898.0
,,3864,898.0
,,3865,898.0
,,3866,898.0
,,3867,898.0
,,3868,898.0
,,3869,898.0
,,2890,898.0
,,3871,898.0
,,469,898.0
,,3873,898.0
,,925,910.0
,,3875,925.0
,,3876,925.0
,,3877,925.0
,,3878,925.0
,,3879,925.0
,,3880,925.0
,,3881,925.0
,,3882,925.0
,,3883,930.0
,,3884,930.0
,,936,3883.0
,,3886,953.0
,,3887,4904.0
,,3888,4904.0
,,3889,4904.0
,,3890,4904.0
,,55,961.0
,,2465,961.0
,,1389,961.0
,,1733,961.0
,,286,961.0
,,421,961.0
,,1087,961.0
,,411,961.0
,,2801,961.0
,,3900,961.0
,,3901,4369.0
,,3902,975.0
,,3903,981.0
,,3904,981.0
,,3905,981.0
,,3906,981.0
,,3907,981.0
,,3908,981.0
,,3909,981.0
,,3910,981.0
,,3911,981.0
,,3912,992.0
,,3913,992.0
,,3914,992.0
,,3915,992.0
,,3916,992.0
,,3917,992.0
,,3918,1008.0
,,3919,1008.0
,,3920,1008.0
,,3921,1008.0
,,3922,1008.0
,,3923,1008.0
,,3924,1008.0
,,3925,1008.0
,,3926,4774.0
,,3927,4774.0
,,3928,4774.0
,,3929,1019.0
,,836,1076.0
,,3931,1081.0
,,3932,1081.0
,,1098,1081.0
,,3934,1081.0
,,3935,1081.0
,,3936,1081.0
,,3937,1081.0
,,392,1081.0
,,3939,1081.0
,,3940,1081.0
,,28,1081.0
,,3942,1081.0
,,3943,1081.0
,,3944,1081.0
,,3945,1081.0
,,3946,1081.0
,,3947,1081.0
,,3948,1081.0
,,3949,1081.0
,,1517,1081.0
,,3951,1081.0
,,3952,1081.0
,,3953,1081.0
,,3954,1081.0
,,3955,1081.0
,,3956,1081.0
,,3957,1081.0
,,3958,1081.0
,,3959,1081.0
,,3960,1081.0
,,3961,1081.0
,,3962,1081.0
,,2504,1081.0
,,3964,1081.0
,,3965,1081.0
,,2747,1081.0
,,638,1081.0
,,3968,1081.0
,,3969,1081.0
,,3970,1081.0
,,1118,1081.0
,,3972,1081.0
,,2396,1081.0
,,3974,1081.0
,,3975,1081.0
,,3976,1081.0
,,3977,1081.0
,,3978,1081.0
,,3979,1081.0
,,3980,1081.0
,,398,1081.0
,,3982,1081.0
,,3983,1081.0
,,3984,1081.0
,,3985,1081.0
,,3986,1081.0
,,3987,1081.0
,,3988,1081.0
,,3989,1081.0
,,1097,1081.0
,,3991,1081.0
,,3992,1081.0
,,235,1081.0
,,1432,1081.0
,,1093,1081.0
,,3996,1081.0
,,3997,1081.0
,,3998,1081.0
,,3999,1081.0
,,4000,1081.0
,,4001,1081.0
,,1449,1081.0
,,4003,1081.0
,,4004,1081.0
,,4005,1081.0
,,1450,1081.0
,,4007,1081.0
,,4008,1081.0
,,4009,1081.0
,,4010,1081.0
,,4011,1081.0
,,4012,1081.0
,,4013,1081.0
,,4014,1081.0
,,4015,1081.0
,,4016,1081.0
,,4017,1081.0
,,4018,1081.0
,,4019,1081.0
,,4020,1081.0
,,4021,1081.0
,,4022,1081.0
,,4023,1081.0
,,980,1081.0
,,4025,1081.0
,,4026,1081.0
,,4027,1081.0
,,4028,1081.0
,,4029,1081.0
,,4030,1081.0
,,1099,1081.0
,,4032,1081.0
,,4033,1081.0
,,4034,1081.0
,,1614,1081.0
,,1094,1081.0
,,4037,1081.0
,,4038,1081.0
,,4039,1081.0
,,4040,1081.0
,,4041,1081.0
,,4042,1081.0
,,4043,1081.0
,,2437,1081.0
,,4045,1081.0
,,4046,1081.0
,,4047,1081.0
,,4048,1081.0
,,4049,1081.0
,,4050,1081.0
,,4051,1081.0
,,4052,1081.0
,,4053,1081.0
,,4054,1081.0
,,4055,1081.0
,,4056,1081.0
,,4057,1081.0
,,4058,1081.0
,,4059,1081.0
,,4060,1081.0
,,4061,1081.0
,,4062,1081.0
,,4063,1081.0
,,4064,1081.0
,,4065,1081.0
,,4066,1081.0
,,4067,1081.0
,,4068,1081.0
,,4069,1081.0
,,4070,1081.0
,,997,1081.0
,,780,1081.0
,,4073,1081.0
,,4074,1081.0
,,4075,1081.0
,,4077,1081.0
,,4078,1081.0
,,4079,1081.0
,,4080,1081.0
,,4081,1081.0
,,4082,1081.0
,,4083,1081.0
,,4084,1081.0
,,4085,1081.0
,,4086,1081.0
,,4087,1081.0
,,4088,1081.0
,,4089,1081.0
,,4090,1081.0
,,4091,1081.0
,,4092,1081.0
,,4093,1081.0
,,4094,1081.0
,,4095,1081.0
,,4096,1081.0
,,4097,1081.0
,,4098,1081.0
,,4099,1081.0
,,4100,1081.0
,,4101,1081.0
,,83,1081.0
,,4103,1081.0
,,4104,1081.0
,,4105,1081.0
,,4106,1081.0
,,4107,1081.0
,,4108,1081.0
,,4109,1081.0
,,4110,1081.0
,,4111,1081.0
,,4112,1081.0
,,4113,1081.0
,,4114,1081.0
,,4115,1081.0
,,4116,1081.0
,,4117,1081.0
,,4118,1081.0
,,4119,1081.0
,,1457,1081.0
,,4121,1081.0
,,4122,1081.0
,,4123,1081.0
,,4124,1081.0
,,4125,1081.0
,,4126,1081.0
,,4127,1081.0
,,4128,3932.0
,,1095,1094.0
,,4130,1118.0
,,4131,1118.0
,,4132,1143.0
,,4133,1143.0
,,4134,1143.0
,,660,1143.0
,,4136,1143.0
,,4137,1143.0
,,4138,1157.0
,,4139,1157.0
,,4140,1157.0
,,4141,1157.0
,,4142,1157.0
,,4143,1157.0
,,4144,1157.0
,,4145,1157.0
,,4146,1157.0
,,2993,1157.0
,,4148,1157.0
,,2981,1158.0
,,4150,1158.0
,,4151,1158.0
,,4152,1163.0
,,4153,3338.0
,,4154,1186.0
,,4155,1186.0
,,4156,1186.0
,,4157,1194.0
,,1192,1194.0
,,4159,1194.0
,,1209,2275.0
,,4161,1223.0
,,4162,1223.0
,,4163,1223.0
,,1237,1234.0
,,4165,1234.0
,,4166,1234.0
,,4167,1237.0
,,4168,1237.0
,,4169,1237.0
,,4170,1237.0
,,4171,1237.0
,,4172,1237.0
,,4173,1237.0
,,1239,3288.0
,,1399,3288.0
,,552,1239.0
,,4177,1239.0
,,4178,1239.0
,,4179,1239.0
,,4180,1239.0
,,4181,1239.0
,,44,1239.0
,,4183,1239.0
,,46,1239.0
,,1850,1239.0
,,4186,1243.0
,,4187,1244.0
,,4188,4187.0
,,4189,4187.0
,,4190,4187.0
,,4191,4187.0
,,4192,4187.0
,,4193,4187.0
,,4194,6207.0
,,4195,3888.0
,,4196,3888.0
,,4197,5878.0
,,4198,5878.0
,,4199,5878.0
,,4200,5878.0
,,4201,5878.0
,,4202,5878.0
,,4203,5878.0
,,4204,3337.0
,,4205,3337.0
,,4206,4214.0
,,4207,4214.0
,,4209,4214.0
,,4210,4214.0
,,4211,4214.0
,,4212,4214.0
,,4214,1286.0
,,1978,1286.0
,,4216,6228.0
,,4217,4764.0
,,4218,1308.0
,,4219,1308.0
,,4220,1308.0
,,4221,1308.0
,,4222,1308.0
,,4223,1308.0
,,4224,1308.0
,,4225,1308.0
,,4226,1308.0
,,4227,1308.0
,,4228,1308.0
,,4229,1308.0
,,1600,1308.0
,,1309,1308.0
,,4232,1308.0
,,4233,1308.0
,,4234,1308.0
,,4235,1308.0
,,4236,1308.0
,,4237,1308.0
,,4238,1308.0
,,4239,1308.0
,,4240,1308.0
,,4241,1308.0
,,4242,1308.0
,,4243,1308.0
,,4244,1308.0
,,4245,1315.0
,,4246,5800.0
,,4247,5800.0
,,2404,5800.0
,,2132,5800.0
,,4250,5800.0
,,4251,5800.0
,,4252,5800.0
,,4253,5800.0
,,4254,5800.0
,,4255,5800.0
,,4256,5800.0
,,4257,5800.0
,,4258,5800.0
,,4259,5800.0
,,4260,5800.0
,,4261,5800.0
,,4262,5800.0
,,4263,5800.0
,,4264,5800.0
,,4265,5800.0
,,4266,4262.0
,,4267,1324.0
,,4268,5322.0
,,1259,5322.0
,,4270,5265.0
,,4271,5097.0
,,2726,1336.0
,,4273,1364.0
,,4274,1364.0
,,41,1364.0
,,4276,1364.0
,,4277,1364.0
,,4278,1364.0
,,4279,1364.0
,,810,1364.0
,,1379,3810.0
,,4282,1394.0
,,245,1395.0
,,280,1402.0
,,2736,1406.0
,,1473,1408.0
,,4287,1408.0
,,4288,1408.0
,,4289,1408.0
,,4290,1408.0
,,3017,1408.0
,,4292,1408.0
,,4293,1414.0
,,4294,1414.0
,,4295,1414.0
,,4296,1414.0
,,4297,1414.0
,,1408,1414.0
,,4299,3558.0
,,4300,1415.0
,,4301,1415.0
,,4302,1415.0
,,4303,1415.0
,,4304,1415.0
,,4305,1415.0
,,2494,1415.0
,,4307,1415.0
,,4308,1415.0
,,4309,1415.0
,,4310,1438.0
,,4311,1438.0
,,2370,1438.0
,,4313,1441.0
,,4314,5710.0
,,4315,3944.0
,,4316,3944.0
,,4317,4924.0
,,4318,1469.0
,,4319,1469.0
,,4320,1469.0
,,4321,1476.0
,,1348,1472.0
,,4323,1472.0
,,4324,3372.0
,,4325,3372.0
,,4326,3372.0
,,4327,3372.0
,,4328,3372.0
,,4329,1482.0
,,4330,1482.0
,,4331,1482.0
,,2237,1482.0
,,4333,1482.0
,,4334,1482.0
,,4335,1482.0
,,4336,1482.0
,,4337,1482.0
,,4338,1482.0
,,4339,1482.0
,,4340,1482.0
,,4341,1482.0
,,4342,1482.0
,,1483,1482.0
,,4344,1482.0
,,4345,1482.0
,,4346,1482.0
,,4347,1482.0
,,4348,1482.0
,,4349,1482.0
,,4350,1482.0
,,4351,1482.0
,,4352,1482.0
,,4353,1482.0
,,4354,3113.0
,,4355,5614.0
,,4356,1497.0
,,4357,1497.0
,,4358,1497.0
,,4359,1507.0
,,4360,1507.0
,,1509,1507.0
,,4362,4812.0
,,4363,1518.0
,,4364,1518.0
,,4365,1518.0
,,4366,1518.0
,,4367,1518.0
,,4368,1560.0
,,4369,1560.0
,,4370,1560.0
,,4371,1560.0
,,4372,1571.0
,,502,1571.0
,,976,1571.0
,,1442,1571.0
,,4376,1571.0
,,989,1571.0
,,4378,1571.0
,,4379,1571.0
,,521,1571.0
,,2820,1571.0
,,633,1571.0
,,2255,1571.0
,,4384,1571.0
,,1460,1571.0
,,4386,1575.0
,,4387,1575.0
,,4388,1575.0
,,759,1575.0
,,1421,1575.0
,,2327,1575.0
,,4392,1575.0
,,3003,1575.0
,,4394,1575.0
,,4395,1575.0
,,4396,1575.0
,,1576,1575.0
,,4398,1575.0
,,4399,1575.0
,,4400,1575.0
,,4401,1575.0
,,4402,10170.0
,,4403,10170.0
,,4404,10170.0
,,4405,10170.0
,,4406,10170.0
,,4407,10170.0
,,4408,10170.0
,,4409,10170.0
,,4410,10170.0
,,2055,4721.0
,,284,1592.0
,,2526,1592.0
,,873,1592.0
,,4415,1592.0
,,478,1592.0
,,4417,1592.0
,,1976,1594.0
,,4419,1594.0
,,4420,1594.0
,,4421,1594.0
,,4422,1594.0
,,4423,4723.0
,,4424,4723.0
,,4425,4723.0
,,4426,1597.0
,,4427,1597.0
,,3075,1602.0
,,4429,1602.0
,,4430,1602.0
,,1560,1602.0
,,4432,1602.0
,,2218,1602.0
,,2159,1602.0
,,2160,1602.0
,,4436,1602.0
,,4437,1602.0
,,4438,1602.0
,,4439,1602.0
,,4440,1602.0
,,4441,1602.0
,,4442,1602.0
,,4443,1602.0
,,1307,1602.0
,,4445,1602.0
,,476,1602.0
,,711,1604.0
,,4448,1613.0
,,4449,1613.0
,,4450,1613.0
,,31,4437.0
,,4452,1617.0
,,4453,1623.0
,,4454,1623.0
,,4455,1623.0
,,4456,1628.0
,,4457,1628.0
,,4458,1631.0
,,763,1647.0
,,2939,1647.0
,,766,1647.0
,,171,1647.0
,,4463,1647.0
,,4464,1647.0
,,4465,1647.0
,,821,1647.0
,,1068,1647.0
,,304,1647.0
,,4469,1647.0
,,4470,1647.0
,,2419,1647.0
,,1648,1647.0
,,4473,1647.0
,,4474,1665.0
,,655,1665.0
,,4476,1665.0
,,4477,1665.0
,,4478,1665.0
,,483,1665.0
,,4480,1665.0
,,4481,1665.0
,,4482,1665.0
,,2030,1665.0
,,652,1665.0
,,4485,1665.0
,,4486,1665.0
,,2869,1665.0
,,2817,1665.0
,,4489,1665.0
,,4490,1665.0
,,4491,1665.0
,,4492,1665.0
,,510,1665.0
,,1961,1665.0
,,2282,1665.0
,,411,1665.0
,,4497,1665.0
,,4498,1665.0
,,4499,1665.0
,,586,1665.0
,,2001,1665.0
,,1422,1665.0
,,2262,1665.0
,,4504,1665.0
,,2442,1665.0
,,770,1665.0
,,4507,1665.0
,,4508,1665.0
,,177,1665.0
,,4510,1665.0
,,2773,1665.0
,,4512,1665.0
,,4513,1665.0
,,4514,1665.0
,,4515,1665.0
,,4516,1665.0
,,2506,1665.0
,,4518,1665.0
,,2812,1665.0
,,2828,1665.0
,,4521,1665.0
,,4522,1665.0
,,4523,1665.0
,,399,1665.0
,,4525,1665.0
,,4526,1665.0
,,4527,1665.0
,,4528,1665.0
,,2822,1665.0
,,4530,1665.0
,,4531,1665.0
,,312,1665.0
,,4533,1665.0
,,4534,1665.0
,,4535,1665.0
,,4536,1665.0
,,1089,1665.0
,,4538,1665.0
,,4539,1665.0
,,4540,1665.0
,,4541,1665.0
,,4542,1665.0
,,4543,1665.0
,,1699,1665.0
,,4545,1665.0
,,4546,1665.0
,,4547,1665.0
,,4548,1665.0
,,4549,1665.0
,,4550,1665.0
,,4551,1665.0
,,4552,1665.0
,,4553,1665.0
,,4554,1665.0
,,4555,1665.0
,,1286,1665.0
,,1484,1665.0
,,4558,1665.0
,,4559,1665.0
,,4560,1665.0
,,4561,1665.0
,,4562,1665.0
,,4563,1665.0
,,4564,1665.0
,,4565,1665.0
,,4566,1665.0
,,4567,1665.0
,,4568,1665.0
,,4569,1665.0
,,4570,1665.0
,,4571,1665.0
,,4572,1665.0
,,4573,1665.0
,,4574,1665.0
,,4575,1665.0
,,4576,1665.0
,,2846,1665.0
,,4578,1665.0
,,4579,1665.0
,,52,1665.0
,,4581,1665.0
,,2590,1665.0
,,1378,1665.0
,,2961,1678.0
,,4585,1678.0
,,4586,1686.0
,,4587,1686.0
,,4588,1686.0
,,4589,1686.0
,,4590,1686.0
,,4591,1686.0
,,4592,1686.0
,,4593,1686.0
,,4594,1686.0
,,4595,1686.0
,,4596,1686.0
,,4597,1686.0
,,4598,1686.0
,,4599,1686.0
,,4600,1686.0
,,4601,1686.0
,,4602,1686.0
,,2739,1686.0
,,4604,1686.0
,,4605,1686.0
,,904,1686.0
,,4607,1686.0
,,4608,1686.0
,,4609,1686.0
,,4610,1686.0
,,4611,1686.0
,,4612,1686.0
,,4613,1686.0
,,4614,1686.0
,,4615,1686.0
,,4616,1686.0
,,4617,1686.0
,,4618,1686.0
,,4619,1686.0
,,4620,1690.0
,,605,1694.0
,,51,1694.0
,,4623,1694.0
,,4624,1694.0
,,4625,1694.0
,,4626,1694.0
,,4627,1694.0
,,4628,1694.0
,,4629,1694.0
,,4630,1694.0
,,4631,1694.0
,,2815,1694.0
,,814,1694.0
,,4634,1694.0
,,597,1694.0
,,4636,1694.0
,,4637,1694.0
,,1692,1694.0
,,4639,1694.0
,,4640,1694.0
,,4641,1694.0
,,4642,1694.0
,,2631,1694.0
,,4644,1694.0
,,4645,1694.0
,,224,1694.0
,,4647,1694.0
,,935,1694.0
,,4649,1694.0
,,4650,1694.0
,,4651,1694.0
,,4652,1694.0
,,4653,1694.0
,,4654,1694.0
,,4655,1694.0
,,4656,1694.0
,,4657,1694.0
,,4658,1694.0
,,4659,1694.0
,,1697,1694.0
,,4661,1694.0
,,4662,1694.0
,,2263,1694.0
,,4664,1694.0
,,4665,1694.0
,,4666,1694.0
,,2538,1694.0
,,2536,1694.0
,,4669,1694.0
,,4670,1694.0
,,4671,1694.0
,,1818,1694.0
,,4673,1694.0
,,4674,1694.0
,,4675,1694.0
,,4676,1694.0
,,4677,1694.0
,,4678,1694.0
,,4679,1694.0
,,4680,1694.0
,,4681,1694.0
,,4682,1694.0
,,4683,1694.0
,,4684,1694.0
,,4685,1694.0
,,4686,1694.0
,,4070,4631.0
,,4688,1704.0
,,1945,1704.0
,,4690,1709.0
,,4691,1714.0
,,4692,1715.0
,,2286,1715.0
,,2593,1715.0
,,1159,4698.0
,,4696,1718.0
,,250,1718.0
,,4698,1721.0
,,4699,1721.0
,,77,1721.0
,,4701,1721.0
,,4702,1721.0
,,4703,1721.0
,,4704,1721.0
,,4705,1721.0
,,4706,1721.0
,,1712,1721.0
,,163,1721.0
,,827,1721.0
,,4710,1721.0
,,1715,1721.0
,,2139,1721.0
,,4713,1721.0
,,4714,1721.0
,,2716,1721.0
,,1971,1721.0
,,154,1721.0
,,4718,1721.0
,,2204,1721.0
,,4720,1721.0
,,4721,1721.0
,,4722,1721.0
,,4723,1721.0
,,1194,1721.0
,,826,1721.0
,,386,1721.0
,,4727,1721.0
,,4728,1721.0
,,4729,4704.0
,,4730,4704.0
,,4731,4704.0
,,4732,4704.0
,,646,4704.0
,,4734,4704.0
,,436,1734.0
,,815,1739.0
,,4737,1739.0
,,4738,1739.0
,,1745,1739.0
,,4740,1739.0
,,2628,1739.0
,,4742,1739.0
,,1744,1739.0
,,4744,1739.0
,,4745,1739.0
,,896,1739.0
,,2213,1739.0
,,4748,1739.0
,,4749,1739.0
,,4750,1739.0
,,4751,1739.0
,,1742,1739.0
,,4753,1739.0
,,4754,1739.0
,,4755,1739.0
,,4756,1739.0
,,4757,1739.0
,,4758,1739.0
,,4759,1745.0
,,4760,1748.0
,,4761,1748.0
,,4762,1748.0
,,4763,1748.0
,,4764,1748.0
,,4765,1748.0
,,4766,1748.0
,,4767,1748.0
,,4768,1748.0
,,4769,1748.0
,,4770,1748.0
,,4771,1748.0
,,4772,5388.0
,,4773,1761.0
,,4774,1761.0
,,2248,1761.0
,,4776,1761.0
,,1773,1767.0
,,4778,1767.0
,,1787,1767.0
,,1769,1767.0
,,4781,1773.0
,,1631,1773.0
,,4783,1773.0
,,4784,1773.0
,,4785,1773.0
,,4786,4885.0
,,4787,1801.0
,,4788,1801.0
,,4789,1827.0
,,4790,1827.0
,,2221,1827.0
,,4792,1827.0
,,1091,1827.0
,,885,1827.0
,,1096,1827.0
,,4796,1827.0
,,4797,1827.0
,,4798,1827.0
,,4799,1827.0
,,4800,1827.0
,,4801,1827.0
,,4802,1828.0
,,4803,5964.0
,,4804,1853.0
,,4805,6244.0
,,4806,1875.0
,,4807,1875.0
,,4808,1875.0
,,4809,1875.0
,,4810,1875.0
,,4811,1875.0
,,4812,1875.0
,,4813,1875.0
,,4814,1875.0
,,4815,1875.0
,,4816,1875.0
,,4817,4228.0
,,4818,1892.0
,,2575,1892.0
,,2568,1892.0
,,4821,1892.0
,,4822,4221.0
,,4823,4221.0
,,4824,4221.0
,,4825,1914.0
,,1469,1914.0
,,2633,1914.0
,,4828,1914.0
,,4829,1914.0
,,4830,1914.0
,,4831,1914.0
,,4832,1914.0
,,4833,1914.0
,,4834,1914.0
,,4835,1914.0
,,4836,1914.0
,,4837,1914.0
,,852,1914.0
,,1335,1914.0
,,4840,1914.0
,,1930,1914.0
,,2764,1914.0
,,4843,1914.0
,,4844,1914.0
,,4845,1914.0
,,4846,1914.0
,,4847,1914.0
,,4848,1914.0
,,1003,1914.0
,,4850,1914.0
,,4851,1914.0
,,1921,1914.0
,,1604,1914.0
,,4854,1914.0
,,1933,1914.0
,,2472,1914.0
,,4857,1914.0
,,1817,1914.0
,,4859,1914.0
,,4860,1914.0
,,4861,1914.0
,,4862,1914.0
,,4863,1914.0
,,4864,1914.0
,,1918,1914.0
,,4866,1914.0
,,4867,1914.0
,,4868,1914.0
,,4869,1914.0
,,1924,1914.0
,,4871,1914.0
,,4872,1914.0
,,4873,1937.0
,,4874,1945.0
,,4875,1971.0
,,1979,1978.0
,,4877,4879.0
,,4878,4879.0
,,4879,1992.0
,,4880,2016.0
,,4881,2026.0
,,2932,2026.0
,,106,2026.0
,,4884,2026.0
,,4885,2026.0
,,4886,2026.0
,,4887,5530.0
,,4888,2151.0
,,4889,2151.0
,,4890,2151.0
,,1623,2151.0
,,4892,2151.0
,,4893,2151.0
,,4894,2151.0
,,4895,2151.0
,,816,2163.0
,,180,2170.0
,,1191,2170.0
,,2173,2170.0
,,423,2170.0
,,4901,6054.0
,,4902,2173.0
,,4903,2173.0
,,4904,2173.0
,,1761,2181.0
,,4906,2181.0
,,4907,2181.0
,,4908,2181.0
,,4909,2181.0
,,4910,2181.0
,,2748,2181.0
,,310,2181.0
,,4913,2181.0
,,4914,2181.0
,,4915,2181.0
,,2246,2181.0
,,2283,2181.0
,,4918,2181.0
,,4919,2181.0
,,4920,2181.0
,,1551,2185.0
,,1105,2193.0
,,1834,2193.0
,,4924,2200.0
,,4925,2200.0
,,4926,2200.0
,,4927,2200.0
,,4928,2200.0
,,4929,2200.0
,,4930,2200.0
,,4931,2200.0
,,4932,4019.0
,,4933,4019.0
,,4934,4933.0
,,4935,2224.0
,,2224,2225.0
,,4937,2230.0
,,2242,2241.0
,,2243,2241.0
,,2384,2241.0
,,4941,2241.0
,,4942,2241.0
,,4943,2243.0
,,4776,2243.0
,,4945,2243.0
,,4946,2246.0
,,4947,2248.0
,,2600,2253.0
,,4949,2253.0
,,4950,2253.0
,,4951,2253.0
,,4952,2253.0
,,4953,2253.0
,,4954,2253.0
,,4955,2253.0
,,4956,2253.0
,,2751,2253.0
,,4958,2255.0
,,4959,2255.0
,,4960,2255.0
,,4961,2255.0
,,4962,2255.0
,,4963,2255.0
,,4964,2255.0
,,4965,2257.0
,,4966,2257.0
,,4967,2262.0
,,4968,2262.0
,,4969,2262.0
,,2519,2267.0
,,554,2274.0
,,4972,2274.0
,,2339,2274.0
,,4974,2274.0
,,4975,2274.0
,,4976,2274.0
,,2280,2274.0
,,4978,2274.0
,,4979,2274.0
,,4980,2274.0
,,364,2274.0
,,1987,2274.0
,,2367,2275.0
,,2998,2275.0
,,4985,2275.0
,,4986,2275.0
,,4987,2275.0
,,368,2275.0
,,176,2275.0
,,4990,2275.0
,,2515,2275.0
,,362,2275.0
,,1549,2275.0
,,1497,2275.0
,,4996,2275.0
,,1639,2275.0
,,4998,2282.0
,,4999,2282.0
,,5000,2282.0
,,4914,2282.0
,,5002,2282.0
,,5003,2282.0
,,5004,2282.0
,,5005,2282.0
,,5006,2282.0
,,5007,2282.0
,,5008,2282.0
,,5009,2282.0
,,5010,2282.0
,,5011,2282.0
,,5012,2282.0
,,5013,2282.0
,,5014,2288.0
,,5015,2297.0
,,5016,2297.0
,,5017,2297.0
,,306,2297.0
,,5019,2297.0
,,5020,2297.0
,,5021,2297.0
,,5022,2297.0
,,662,2297.0
,,5024,2297.0
,,5025,2297.0
,,5026,2308.0
,,5027,2308.0
,,5028,2308.0
,,5029,2308.0
,,5030,2308.0
,,5031,2308.0
,,5032,2308.0
,,2638,2308.0
,,5034,2308.0
,,5035,2308.0
,,5036,2308.0
,,5037,2308.0
,,2863,2308.0
,,5039,2308.0
,,1310,2308.0
,,5041,2308.0
,,5042,2308.0
,,1025,2308.0
,,5044,2308.0
,,5045,2308.0
,,5046,2308.0
,,798,2308.0
,,5048,2308.0
,,445,2308.0
,,5050,2308.0
,,5051,2308.0
,,5052,2308.0
,,901,2308.0
,,5054,2308.0
,,5055,2308.0
,,5056,2308.0
,,672,2308.0
,,5058,2308.0
,,5059,2308.0
,,5060,2308.0
,,5061,2308.0
,,1700,2308.0
,,5063,2308.0
,,1123,2308.0
,,5065,2308.0
,,643,2308.0
,,5067,3412.0
,,5068,2325.0
,,5069,2325.0
,,5070,2339.0
,,5071,2339.0
,,2334,2339.0
,,5073,2375.0
,,5074,4074.0
,,5075,3991.0
,,5076,2404.0
,,5077,3205.0
,,2413,2412.0
,,1627,2412.0
,,2416,2412.0
,,5081,5274.0
,,5082,5274.0
,,5083,5274.0
,,5084,5274.0
,,5085,5274.0
,,5086,5274.0
,,5087,5274.0
,,5088,2438.0
,,5089,2438.0
,,113,2438.0
,,186,2438.0
,,723,2438.0
,,5093,2438.0
,,5094,2438.0
,,5095,2441.0
,,5096,2441.0
,,5097,2441.0
,,5098,2441.0
,,5099,2441.0
,,1690,2441.0
,,1701,2441.0
,,5102,2441.0
,,2355,2441.0
,,2031,2441.0
,,5105,2441.0
,,5106,2441.0
,,5107,2441.0
,,5108,2441.0
,,5109,2441.0
,,5110,2441.0
,,2357,2441.0
,,5112,2441.0
,,5113,2441.0
,,5114,2441.0
,,5115,2441.0
,,5116,2441.0
,,5117,8046.0
,,5118,4012.0
,,2450,3386.0
,,2462,3953.0
,,5121,2465.0
,,5122,2465.0
,,5123,2465.0
,,5124,2465.0
,,5125,2465.0
,,5126,2465.0
,,5127,2465.0
,,5128,2465.0
,,5129,2465.0
,,5130,2465.0
,,5131,2465.0
,,2476,2474.0
,,5133,2504.0
,,5134,2504.0
,,1424,2504.0
,,5136,2504.0
,,5137,2504.0
,,5138,2504.0
,,2508,2504.0
,,5140,2504.0
,,2641,2504.0
,,5142,2504.0
,,5143,2504.0
,,5144,2504.0
,,2509,2504.0
,,5146,2504.0
,,5147,2504.0
,,5148,2504.0
,,5149,2504.0
,,5150,2504.0
,,1574,2504.0
,,5152,2504.0
,,5153,2504.0
,,5154,2504.0
,,5155,2504.0
,,5156,2504.0
,,5157,2504.0
,,5158,2504.0
,,5159,2504.0
,,5160,2504.0
,,5161,2504.0
,,5162,2504.0
,,2507,2504.0
,,5164,2504.0
,,5165,2504.0
,,5166,2504.0
,,5167,2504.0
,,5168,2504.0
,,5169,2504.0
,,5170,2504.0
,,5171,2504.0
,,5172,2504.0
,,5173,2504.0
,,481,2504.0
,,5175,2511.0
,,5176,2511.0
,,5177,4914.0
,,1161,4914.0
,,5179,2519.0
,,5180,5004.0
,,5181,2531.0
,,2072,2532.0
,,5183,2532.0
,,5184,2550.0
,,5185,2551.0
,,2235,2551.0
,,5187,2551.0
,,5188,2551.0
,,453,2551.0
,,5190,2551.0
,,1661,2551.0
,,5192,2551.0
,,16,2551.0
,,5194,2551.0
,,5195,2551.0
,,5196,2551.0
,,5197,2551.0
,,1819,2551.0
,,5199,2551.0
,,2555,2551.0
,,5201,2551.0
,,2385,2551.0
,,5203,2551.0
,,5204,2551.0
,,3063,2551.0
,,5206,2551.0
,,5207,2551.0
,,5208,2551.0
,,5209,2551.0
,,1929,2551.0
,,1102,2551.0
,,1855,2551.0
,,5213,2551.0
,,5214,2551.0
,,2112,2551.0
,,5216,2551.0
,,5217,2551.0
,,5218,2551.0
,,5219,2551.0
,,5220,2551.0
,,5221,2551.0
,,5222,2551.0
,,3031,2551.0
,,5224,2551.0
,,685,2551.0
,,5226,2551.0
,,690,2551.0
,,2114,2551.0
,,5229,2551.0
,,5230,2554.0
,,5231,2592.0
,,5232,5759.0
,,5233,5000.0
,,5234,2628.0
,,5235,2628.0
,,1609,2628.0
,,5237,2628.0
,,5238,2628.0
,,5239,2628.0
,,5240,2628.0
,,5241,2628.0
,,2634,2633.0
,,5243,2638.0
,,5244,2638.0
,,5245,2638.0
,,5246,2638.0
,,5247,2638.0
,,5248,2638.0
,,5249,2638.0
,,5250,2638.0
,,5251,2638.0
,,5252,2638.0
,,5253,2638.0
,,5254,2638.0
,,5255,2638.0
,,5256,2638.0
,,5257,2638.0
,,5258,2638.0
,,945,2638.0
,,5260,2638.0
,,5261,2638.0
,,5262,2638.0
,,5263,2638.0
,,5264,2638.0
,,5265,2638.0
,,5266,2638.0
,,5267,2638.0
,,5268,2638.0
,,5269,2638.0
,,5270,2638.0
,,5271,2638.0
,,1308,2639.0
,,166,2639.0
,,5274,2639.0
,,674,2639.0
,,119,2639.0
,,1602,2639.0
,,898,2639.0
,,2151,2639.0
,,1008,2639.0
,,2308,2639.0
,,1571,2639.0
,,5283,2639.0
,,5284,2639.0
,,507,2639.0
,,893,2639.0
,,2199,2639.0
,,2648,2639.0
,,5289,2647.0
,,5290,2648.0
,,5291,2655.0
,,5292,2655.0
,,5293,2655.0
,,5294,2655.0
,,5295,2658.0
,,2533,2659.0
,,5297,2659.0
,,61,2659.0
,,5299,2659.0
,,5300,2659.0
,,5301,2659.0
,,2656,2663.0
,,757,2663.0
,,2670,2663.0
,,789,2663.0
,,5306,2663.0
,,5307,2663.0
,,5308,2668.0
,,5309,2679.0
,,5310,2679.0
,,5311,2679.0
,,5312,2679.0
,,2680,4809.0
,,5314,4809.0
,,5315,4809.0
,,5316,4809.0
,,5317,4809.0
,,5318,2708.0
,,5319,3688.0
,,5320,3688.0
,,5321,5366.0
,,5322,2720.0
,,5323,2733.0
,,5324,2733.0
,,5325,2733.0
,,5326,2733.0
,,1336,2733.0
,,1394,2733.0
,,2412,2733.0
,,5330,2733.0
,,5331,2733.0
,,5332,2733.0
,,5333,2733.0
,,5334,2733.0
,,2241,2733.0
,,1480,2733.0
,,5337,2733.0
,,5338,2733.0
,,2189,2733.0
,,5340,2733.0
,,5341,2733.0
,,5342,2733.0
,,645,2733.0
,,5344,2733.0
,,5345,2733.0
,,5346,2733.0
,,5347,2733.0
,,5348,2733.0
,,2721,2733.0
,,5350,2737.0
,,1167,2737.0
,,5352,3946.0
,,5353,3946.0
,,5354,3946.0
,,458,2742.0
,,2745,2745.0
,,5357,4910.0
,,5358,4910.0
,,5359,4910.0
,,5360,4910.0
,,5361,4910.0
,,5362,4910.0
,,5363,4910.0
,,5364,4910.0
,,5365,3710.0
,,5366,2757.0
,,397,5445.0
,,5368,3396.0
,,5369,3396.0
,,5370,3396.0
,,5371,3396.0
,,2774,3396.0
,,2826,2777.0
,,5374,7913.0
,,5375,7913.0
,,5376,2800.0
,,5377,2801.0
,,5378,3982.0
,,5379,3982.0
,,5380,3982.0
,,5381,3864.0
,,5382,3864.0
,,356,2828.0
,,5384,6518.0
,,5385,2863.0
,,5386,2863.0
,,1877,2863.0
,,5388,2863.0
,,5389,2870.0
,,5390,2870.0
,,1853,2872.0
,,5392,2890.0
,,5393,2890.0
,,5394,2890.0
,,5395,2890.0
,,5396,2890.0
,,5397,2890.0
,,5398,2890.0
,,5399,2890.0
,,5400,2890.0
,,273,2904.0
,,5402,2904.0
,,5403,2904.0
,,5404,2904.0
,,5405,2904.0
,,5406,2904.0
,,5407,2904.0
,,5408,2904.0
,,5409,2904.0
,,5410,2904.0
,,5411,2904.0
,,5412,2904.0
,,5413,2904.0
,,5414,2904.0
,,5415,5771.0
,,5416,2927.0
,,2930,4463.0
,,5418,2932.0
,,5419,2932.0
,,5420,2940.0
,,5421,3734.0
,,2950,3734.0
,,679,3734.0
,,2954,4314.0
,,5425,2953.0
,,2929,2953.0
,,5427,2962.0
,,5428,5346.0
,,5429,2965.0
,,2983,2979.0
,,5431,2979.0
,,5432,2979.0
,,5433,2979.0
,,5434,2981.0
,,5435,2981.0
,,5436,2981.0
,,5437,2981.0
,,5438,2981.0
,,2982,2981.0
,,5440,2993.0
,,1813,2993.0
,,5442,3755.0
,,5443,3755.0
,,5444,3034.0
,,5445,3034.0
,,5446,3035.0
,,2445,3035.0
,,3070,3035.0
,,3026,3035.0
,,5450,3035.0
,,3041,3035.0
,,144,3035.0
,,5453,3035.0
,,124,3043.0
,,5455,3073.0
,,5456,3073.0
,,5457,3073.0
,,2482,3073.0
,,5459,3073.0
,,5460,3073.0
,,5461,3073.0
,,5462,3073.0
,,5463,3073.0
,,5464,3073.0
,,5466,3073.0
,,5467,3074.0
,,5468,3074.0
,,3033,3074.0
,,5470,3074.0
,,1518,3075.0
,,5472,3075.0
,,2914,3075.0
,,5474,3075.0
,,5475,3075.0
,,5476,3075.0
,,5477,3075.0
,,5478,3075.0
,,5479,3075.0
,,5480,3075.0
,,5481,3075.0
,,5482,3075.0
,,5483,3075.0
,,5484,3075.0
,,1946,3075.0
,,626,3075.0
,,357,3075.0
,,941,3075.0
,,5489,3075.0
,,5490,3075.0
,,5491,3075.0
