coursera_skill_id,skill_id
457,2600
462,2601
466,2602
467,2603
469,2604
920,2132
923,2087
924,2011
926,2290
1265,2609
1308,1212
2007,2611
2103,2612
2104,2613
2105,2614
2106,2615
2133,2410
2156,2617
2175,2618
2240,2619
2242,2563
1458,2621
1475,2622
245,2623
6,311
63,2625
282,2626
506,2627
1337,2628
1851,2629
2486,2630
2488,2631
2489,2632
2493,2633
2541,2634
2592,2635
1869,2636
203,194
2790,2638
2793,2639
2810,1666
664,459
1732,2642
1968,2643
2089,2644
2207,2645
2667,2646
2679,2647
2680,2648
2682,2649
2683,2650
2684,197
2685,2652
2691,245
2694,420
2695,420
2700,2656
2701,320
2705,2658
2706,459
2711,2660
2712,2661
2713,2662
2714,2663
2715,2664
2718,2665
2719,2666
2720,363
2735,1274
2760,2669
2761,1220
2762,1208
2764,2672
2782,2673
2796,2674
2797,2675
2802,2676
2816,2677
2817,2678
2819,2679
2859,2680
2873,2681
2888,2682
2890,2683
3088,2684
3214,2685
423,2686
18,1250
631,2688
816,2689
925,116
989,2691
1020,2692
1040,2693
1042,2694
1048,2695
1083,2696
1090,2697
1114,2698
1137,1256
1144,2700
1145,2701
1163,1059
1295,180
1379,2704
1484,2705
1485,2706
1486,2707
1488,2708
1561,1299
1564,170
1619,2711
1737,2712
1782,2713
1814,2714
1958,2715
1959,2716
2283,2717
2286,2718
2412,2719
2413,148
2417,1353
2465,2722
2508,1553
2783,1218
2811,540
2851,2726
1227,44
2478,2728
2513,1351
2559,122
2590,743
537,2732
538,2733
2914,802
68,2735
879,383
2671,2737
2731,1394
3111,229
1183,1277
3179,1230
3180,2742
771,38
128,32
2787,2745
2887,2746
366,2747
137,2748
138,2749
139,2750
140,2748
141,2749
332,2753
443,2122
594,2755
762,2756
2831,2757
2869,2758
13,2759
16,1209
22,2181
376,2762
553,2763
567,2764
571,2765
604,2766
785,2767
1745,2768
42,2769
110,2770
111,2770
786,2772
498,2773
514,2004
515,2775
520,2776
536,2777
589,2778
591,2779
190,2780
1302,2781
1303,2782
1304,2783
1306,2784
1382,2785
1974,2786
2132,2787
2134,2788
2135,2789
2296,2790
2621,2791
2622,2792
3192,2793
1037,2794
2821,2795
2686,2796
2693,246
2789,2798
41,2799
50,2800
59,2083
101,498
113,2803
124,2804
143,2805
146,2806
148,2807
268,2808
900,2809
2392,2810
2722,1275
953,2812
2151,2813
1477,2814
95,382
98,2816
1671,2817
1672,2818
1673,2819
2503,2820
2516,2821
2517,2822
2540,2823
2568,2824
2573,2825
2605,2826
675,2827
1539,2828
4,118
5,2830
15,199
25,2832
38,2833
108,2554
231,2835
234,2836
235,2837
576,111
578,2839
580,2840
602,2841
693,449
936,2843
938,2844
940,2845
942,2846
943,527
944,2295
950,2849
960,2850
964,2851
979,2852
1007,2853
1012,2854
1017,2855
1018,2856
1041,2857
1087,2306
1112,2859
1113,2860
1118,2861
1119,2862
1149,2863
1150,2307
1160,2865
1161,2866
1175,2867
1176,2868
1177,1222
1185,2870
1207,2871
1220,2054
1222,2873
1233,2874
1245,2308
1266,2876
1278,2877
1285,2878
1287,2878
1288,2880
1320,2881
1343,2882
1345,2883
1360,2884
1387,2885
1397,46
1506,2887
1507,163
1508,2889
1529,2890
1533,2891
1544,2892
1545,2893
1546,2894
1562,2895
1567,1524
1603,2897
1623,2015
1630,2899
1631,1224
1705,2901
1720,2902
1725,2903
1726,2904
1790,2905
1791,2906
1794,2907
1795,2908
1796,2909
1876,2298
1916,2911
1937,2912
1948,2913
1949,2914
1950,2915
2118,2916
2235,2917
2322,2918
2324,2919
2341,2920
2343,2921
2366,2922
2401,2923
2473,2924
2476,2925
2497,2926
2502,2207
2504,2928
2520,2929
2525,2930
3135,2931
3136,2932
1448,2933
1490,2934
1853,2935
1780,2936
1781,2937
1244,2938
377,2939
2657,2940
2734,2941
2768,1228
51,1516
812,360
1193,2945
2154,2946
1011,2947
1311,1417
1312,67
2338,2950
2420,2951
2588,1665
2388,2953
2492,2954
2927,2955
2928,840
2930,1041
2931,2958
2933,2959
2382,2960
2055,2961
1767,1449
2945,1879
2946,1445
2947,1391
2948,2966
2949,1957
2950,2968
3107,1581
3112,1689
1768,1582
1184,1278
2379,2973
2380,2974
2381,586
777,2976
2005,2977
2229,2978
782,2979
2754,2980
2879,2981
2880,2982
2569,2983
102,2984
346,2985
348,2986
349,2987
483,1306
978,364
1711,2990
1890,2991
2253,2992
2254,2993
2332,2994
2440,2995
2546,2996
2578,2997
2852,2998
3167,2999
451,213
3079,3001
3092,3002
3186,3003
502,2112
3223,3005
323,115
479,55
644,1138
662,51
681,3010
1001,165
1297,3012
1583,3013
1894,3014
2028,3015
2556,25
2640,298
2660,65
2663,345
2765,708
2774,3021
2798,3022
2840,57
2841,3024
2842,3025
2844,3026
2861,19
2876,58
2925,3029
2942,3030
2989,3031
3026,3032
3049,3033
3080,3034
3091,3035
3095,3036
3115,901
2636,3038
2637,3039
2638,3040
2639,575
2641,437
2642,3043
2643,626
2644,576
2645,1478
2776,3047
2777,3048
2778,3049
2780,3050
2847,551
2848,581
2849,3053
2891,3054
2892,627
3208,3056
3211,3057
1669,3058
597,1331
1907,3060
2736,3061
2870,3062
2885,3063
2899,3064
2900,765
2901,3066
106,516
107,3068
1410,2133
1749,1301
2021,1223
2439,2133
2482,2044
2483,793
2484,3075
2485,3076
954,3077
957,3078
951,3079
955,250
958,266
1967,3082
1969,298
2653,3084
2654,984
2756,3086
2757,3087
2868,425
2929,843
2936,943
2937,3091
2938,1004
2939,3093
3022,3094
3032,3095
3050,3096
3051,3097
3061,3098
3062,3099
62,3100
90,3101
152,3102
153,3103
182,3104
184,3105
185,3106
208,3107
249,3108
252,3109
267,3110
304,3111
305,3112
306,3113
307,3114
308,3115
309,3116
432,3117
433,3118
434,3119
655,3120
714,3121
845,3122
846,3122
877,3124
880,3125
896,3126
897,3127
899,3128
2224,3129
2387,3130
2389,3131
2390,3132
2391,3133
216,3134
745,3135
1023,64
1025,66
1034,3138
1035,3139
1521,3140
1522,3141
1526,3142
1528,3143
1531,3144
1641,3145
1648,3146
1734,3147
2658,2060
2766,3149
2803,3150
2824,3151
2940,3152
2956,3153
2961,3154
2975,872
3130,3156
3171,3157
3172,3158
1021,3159
1026,3160
1028,1788
1029,3162
1105,1548
1106,1264
1107,1262
1519,3166
1520,174
1523,3168
1038,3169
1924,323
2091,204
794,37
929,1434
930,63
1228,327
2411,178
2512,326
2716,1400
2896,364
3168,722
2655,3181
2795,3182
2863,3183
2864,3184
3227,3185
1022,1786
1027,3187
1699,415
2421,66
2422,126
1525,3191
1527,3192
3124,3193
1249,3194
2897,3195
2953,102
2548,3197
2549,3198
49,3199
797,3200
800,3201
2113,3202
2832,3203
1349,3204
21,3205
23,744
117,2115
136,3208
170,3209
226,3210
229,3211
284,314
351,1271
470,3214
543,3215
544,3216
545,1328
546,3218
547,3219
550,3220
572,3221
593,3222
621,3223
623,3224
624,3225
653,3226
654,3227
755,3228
997,1288
1162,3230
1556,3231
1617,2107
1878,3233
1920,1303
2344,3235
2361,3236
2462,3237
2523,3238
2601,3239
1585,2192
1838,3241
2190,3242
2396,3243
2474,3244
2501,3245
1693,3246
2814,1167
2834,3248
449,3249
453,3250
454,3251
471,3252
737,3253
738,3254
1124,3255
189,1316
734,3257
2565,1797
2962,3259
2963,3260
2952,3261
1168,3262
1427,1744
1428,3264
1570,3265
1600,3266
2602,3267
2721,3268
1704,3269
1828,3270
1355,3271
1357,3272
1359,3272
61,3274
69,3275
250,1298
283,3277
299,3278
342,3279
821,3280
1010,3281
1151,3282
1152,3282
1205,3284
1211,3285
1212,2514
1214,3287
1215,2326
1216,3289
1279,3290
1296,1293
1335,3292
1354,3293
1373,3294
1374,3295
1375,3296
1377,3297
1378,3298
1432,788
1433,3300
1434,3301
1435,3302
1460,3303
1474,3304
1515,3305
1517,3306
1571,3307
1572,3308
1573,3309
1574,3310
1606,2542
1608,2590
1610,2430
1613,3314
1614,3315
1615,3316
1627,503
1855,2367
1923,3319
1970,849
1971,3321
2023,3322
2067,3323
2090,3324
2097,3325
2098,2520
2099,2375
2100,3328
2101,3329
2102,3330
1361,3331
692,3332
238,3333
296,3334
327,3335
337,3336
341,3337
343,3338
344,3339
345,3340
493,2254
774,3342
789,2028
2426,3344
518,82
512,3346
519,3347
1281,3348
1644,3349
2555,3350
2854,3351
3004,3352
3134,3353
2607,3354
3114,3355
2606,1258
3021,3357
48,3358
1899,3359
1901,3360
2349,3361
114,22
836,649
1440,103
1616,122
1652,233
1927,48
2110,1265
2236,1229
3185,173
3188,3371
444,3372
715,3373
1276,3374
1289,3375
1810,3376
1811,3377
1813,3378
1827,3379
1903,3380
1906,3381
1947,3382
2635,3383
661,3384
854,3385
1370,3386
1372,3387
1771,3388
180,3389
237,3390
385,3391
386,3392
784,3393
810,3394
824,3395
830,3396
2119,3397
2206,3398
3195,3399
2954,3400
2672,104
948,3402
949,3403
1014,2406
1044,3405
1045,3406
1046,3407
1047,3408
1049,2312
1050,3410
1051,3411
1052,1984
1053,3413
1054,3414
1055,3415
1056,3416
1057,3417
1059,3418
1062,3419
1063,3420
1064,132
1065,3422
1067,3423
1068,3424
1069,3425
1070,3426
1071,3427
1072,3428
1073,3429
1074,3430
1075,3431
1076,3432
1077,3433
1078,156
1079,3435
1080,3436
1081,2573
1082,2343
1084,3439
1085,3440
1086,3441
1094,399
1095,3443
1096,2214
1110,3445
1116,3446
1117,3447
1199,3448
1264,3449
1341,3450
1392,3451
1430,2314
1451,3453
1453,3454
1457,3455
1461,3456
1463,3457
1464,3458
1466,3459
1471,3460
1478,2089
1492,3462
1532,3463
1534,2009
1536,2113
1537,2404
1552,3467
1553,3468
1554,3469
1555,3470
1560,3471
1605,3472
1624,2436
1625,3474
1642,3475
1650,3476
1675,2437
1682,3478
1733,3479
1739,3480
1793,3481
1815,3482
1816,3483
1817,3484
1831,3485
1836,3486
1840,3487
1841,3488
1842,3489
1845,3490
1849,3491
1850,3492
1860,3493
1861,3494
1902,1261
1930,3496
1952,3497
1953,3498
1954,3499
1955,3500
1956,3501
1957,1269
1960,3503
1961,3504
1962,3505
1963,2465
1973,2405
1975,3508
1976,3509
1977,3510
1979,3511
1981,3512
1982,3513
1983,3514
1984,1339
1990,3516
1991,3517
1992,3518
1993,3519
1997,3520
1998,3521
1999,3522
2000,3523
2001,3524
2006,3525
2008,3526
2009,3527
2010,3528
2012,3529
2013,3530
2014,3531
2016,3532
2025,3533
2026,3534
2027,3535
2029,3536
2032,3537
2035,3538
2036,3539
2037,3540
2038,3541
2076,2080
2109,1516
2112,3544
2114,3545
2116,3546
2117,3500
2121,3548
2124,3549
2125,3550
2128,3551
2129,3552
2130,3553
2136,3554
2137,3555
2138,3556
2139,3557
2140,3558
2142,3559
2144,3560
2145,3561
2149,3562
2150,3563
2152,3564
2163,3565
2164,3566
2166,3567
2167,3568
2168,3569
2169,3570
2170,3571
2173,3572
2174,221
2176,3574
2177,3575
2178,3576
2180,3577
2182,3578
2184,3579
2212,3580
2213,3581
2214,3582
2215,3583
2216,3584
2217,3585
2218,3586
2219,3587
2220,3588
2244,3589
2518,3590
2524,2441
2526,3592
2528,3593
2529,3594
2544,3595
2616,3596
2617,3597
2618,3598
2033,3599
1972,1267
931,3601
1854,3602
500,3603
579,3604
1965,3605
1966,1241
2088,3607
2801,3608
523,3609
526,3610
527,3611
529,3612
530,3613
531,3614
532,3615
533,3616
534,3617
535,734
564,3619
450,1371
524,3621
637,3622
724,3623
906,3624
2723,3625
2724,3626
2725,3627
2871,3628
2872,1276
2874,3630
2630,414
1186,3632
1187,3633
1188,3634
2702,416
2703,3636
2704,3637
199,3638
2751,3639
2753,3640
2755,3641
2833,3642
2855,3643
2856,3644
10,417
902,442
11,59
29,3648
30,3649
31,3650
32,3651
33,3652
35,186
36,3654
37,188
1283,385
70,3657
3206,3658
3207,3659
3210,3660
3218,3661
3219,3662
3220,3663
3221,3664
2460,3665
1900,3666
2241,3667
1362,3668
1363,3669
1364,3670
1365,3671
1367,3672
1368,3673
1369,3674
275,3675
288,3676
2039,3677
2040,3678
2041,3678
2047,3680
2048,3681
2049,3682
2052,3683
2054,3683
2056,3685
2445,541
2597,3687
100,3688
84,3689
85,3690
86,3691
87,3692
104,3693
132,3694
135,3695
142,3696
145,3697
156,3698
164,3699
178,3700
211,1297
212,1280
213,3703
230,3704
263,3705
271,3706
273,3707
287,3708
368,3709
383,3710
384,3711
391,3712
430,3713
629,3714
632,3715
2393,3716
1121,3717
1122,3718
1123,2217
1125,1324
1126,3721
1127,3722
1128,3723
1129,3724
1130,3725
1131,3726
1132,3727
1133,3728
1181,3729
1253,3730
2249,3731
2284,3732
2285,3733
2287,3734
2288,3735
2336,3736
2335,3737
1747,3738
1718,3739
1798,1283
422,3741
2210,3742
1174,683
702,3744
703,3745
704,762
705,3747
706,3748
740,3749
741,3750
742,1253
1013,2428
1172,3753
2649,1215
2677,230
394,1901
2993,929
2994,3758
2995,3759
2996,3760
2997,3761
2999,1055
3000,3763
27,3764
28,3765
866,3766
1753,3767
2371,3768
3011,1287
2926,3770
1194,3771
2911,3772
2913,3773
2924,3774
2932,3775
2935,3776
2992,1359
2998,3778
3154,3779
3155,3780
508,3781
542,3782
1318,1341
1179,3784
752,3785
1088,3786
2107,3787
396,3788
600,3789
731,3790
3073,3791
3183,3792
3126,933
3129,3794
937,3795
1436,3796
1437,3797
1438,3798
1439,3799
1473,3800
1558,3801
1638,3802
1639,2189
1661,3804
1721,3805
1819,3806
1820,3807
1821,3808
1822,3809
1823,3810
1824,3811
1825,3812
1839,3813
1859,2118
1995,3815
2011,3816
2077,3817
2079,3818
2080,3819
2082,3820
2083,3821
2159,3822
2160,3823
2608,3824
3071,3825
2836,3826
751,3827
2570,3828
3161,3829
2826,3830
3035,3831
3215,352
585,3833
254,3834
303,3835
472,3836
477,3837
478,3838
72,3839
119,3840
697,3841
720,3842
261,3843
262,2323
573,2390
1178,915
1182,3847
1190,2392
1191,3849
1247,3850
1248,2327
1250,2243
1252,2341
1263,2191
1724,3855
3104,2116
179,3857
575,3858
625,3859
802,329
996,1289
1003,627
1004,3863
1005,737
1008,3865
1835,3866
1856,3867
1892,1296
2237,3869
2252,3870
2271,3871
2438,3872
668,3873
669,3874
686,3875
901,3876
912,3877
913,3878
1313,3879
1416,3880
1601,3881
2809,1767
58,41
103,1344
727,75
778,3886
780,52
783,3888
2812,625
2820,3890
2837,3891
2839,3892
3033,3893
2813,3894
2829,3895
2835,3896
2857,3897
2858,3898
74,753
79,3900
105,3901
120,461
122,3903
130,597
198,578
233,579
297,3907
314,3908
316,3909
338,3910
409,3911
447,3912
710,3913
713,3914
723,428
1235,3916
2739,266
2978,867
3090,3919
3119,3920
3120,3921
717,182
75,3923
2738,3924
2792,3925
2862,3926
1444,3927
1445,3928
2791,3929
1383,1509
1611,1947
1612,330
1696,1401
2433,3934
2434,3935
2435,3936
2436,1522
2567,561
2609,1432
2707,3940
2727,3941
2769,1829
3181,367
3209,3944
52,3945
56,2052
202,3947
286,3948
330,3949
390,2029
402,3951
503,3952
611,3953
739,2169
807,2346
811,3956
814,3957
968,2253
969,1070
970,3960
971,3961
972,3962
973,3963
974,2324
975,2159
982,610
983,1229
984,3968
985,3969
988,3970
990,2330
994,2505
998,1290
1000,604
1016,3975
1120,2547
1136,2062
1246,3978
1274,3979
1322,2285
1328,3981
1329,2576
1331,3983
1388,3984
1389,3985
1394,3986
1423,3987
1449,1342
1479,3989
1494,2579
1500,2583
1501,3992
1509,3993
1514,3994
1516,2022
1566,3996
1568,3997
1569,3998
1618,3999
1636,2244
1663,4001
1664,4002
1670,238
1678,4004
1713,4005
1714,4006
1735,4007
1738,1266
1754,4009
1756,4010
1757,4011
1758,4012
1762,4013
1785,4014
1787,2479
1818,4016
1833,4017
1846,4018
1862,4019
1865,4020
1887,4021
1888,4022
1896,4023
1913,4024
1929,4025
1936,4026
2042,423
2070,1294
2075,4029
2179,4030
2223,4031
2238,4032
2247,4033
2248,4034
2257,4035
2268,4036
2278,4037
2279,4038
2291,4039
2297,4040
2302,4041
2303,4042
2326,4043
2331,4044
2351,4045
2352,4046
2453,4047
2455,2250
2477,4049
2545,4050
2547,1204
2554,4052
2572,2559
3105,2427
1267,488
2509,4056
1015,4057
1091,4058
1092,4059
1093,4060
1097,4061
1213,4062
1251,4063
1342,4064
1557,4065
1621,4066
1649,4067
1695,4068
1703,4069
1837,4070
1978,4071
1980,4072
1985,4073
1986,2572
1988,4075
1989,4076
1996,554
2002,4078
2003,4079
2004,4080
2153,4081
2165,4082
2201,4083
2202,4084
2211,4085
2431,4086
2457,4087
2519,4088
2575,4089
2625,4090
2631,4091
1,2043
3,1203
7,4094
9,4095
64,4096
65,4097
165,4098
188,4099
551,4100
552,4101
610,4102
708,711
791,341
941,4105
999,820
1002,4107
1147,4108
1148,484
1157,4110
1196,4111
1210,4112
1240,4113
1241,676
1242,4115
1254,4116
1255,224
1280,4118
1338,365
1414,4120
1542,4121
1578,4122
1640,4123
1643,4124
1701,4125
1788,4126
1812,4127
1832,4128
1848,4129
1852,4130
1891,1302
2148,4132
2345,4133
2451,2195
2479,4135
2480,4136
2481,4137
2487,1040
2490,442
2491,4140
2494,4141
2495,4142
2496,514
2500,4144
2521,4145
2527,4146
2538,4147
2542,4148
2550,4149
2552,4150
2557,4151
2558,4152
2582,4153
2596,4154
2600,4155
2624,4156
2628,4157
1487,3541
186,4159
474,1320
73,4161
3003,4162
175,4163
2740,612
2894,669
638,407
2889,4167
2647,1216
321,4169
328,4170
393,195
1139,4172
1140,4173
1141,4174
1143,4175
1200,4176
1847,4177
1987,1307
2015,778
2741,72
2743,4181
2744,121
2745,410
2747,4184
2749,4185
2752,1360
2758,539
2763,1207
2771,4189
2785,998
2788,4191
2806,4192
2807,4193
2808,4194
2815,411
2934,1255
3057,1114
3216,4198
3217,4199
796,4200
1142,4201
1481,4202
1792,4203
2085,1240
2779,4205
2770,257
39,842
46,4208
191,4209
255,123
277,4211
278,674
280,4213
281,951
340,4215
481,4216
486,355
548,1327
633,4219
667,4220
1540,4221
1829,4222
1904,2139
2394,4224
2511,4225
2612,4226
2626,4227
2634,4228
2875,4229
253,4230
92,4231
93,4232
94,4233
96,4234
97,4235
99,4236
395,4237
440,4238
847,4239
2050,4240
2051,4241
2053,4242
908,4243
176,4244
196,4245
326,1331
683,4247
701,955
1310,4249
1468,506
2359,1156
1030,4252
1031,135
1032,4254
1033,4255
1036,4256
3110,4257
195,4258
206,4259
452,4260
465,4261
933,171
961,4263
1039,118
1138,4265
1305,1268
2282,4267
2337,4268
2506,4269
2507,4270
2830,4271
3204,4272
3132,4273
1708,4274
2158,4275
2664,4276
194,4277
248,4278
272,4279
319,4280
320,4281
455,4282
494,4283
513,4284
517,4285
684,4286
689,4287
162,4288
2094,4289
2095,1865
2620,666
2886,4292
83,4293
88,4294
89,4295
2539,4296
570,758
1102,187
1135,4299
1690,4300
1766,4301
1769,4302
1943,4303
2022,4304
2333,4305
2674,4306
2853,4307
2867,4308
2902,347
2903,754
2905,4311
2906,1736
2907,799
2955,4314
2957,4315
2958,4316
2967,4317
2969,4318
2972,4319
2973,896
2974,4321
2976,4322
2977,977
2979,949
2980,4325
2981,981
2982,1018
2983,4328
2986,964
3005,4330
3007,4331
3023,4332
3031,4333
3065,4334
3070,4335
3072,1730
3082,4337
3087,4338
3089,4339
3145,4340
3147,1317
3148,4342
3149,4343
44,4344
475,4345
2759,4346
2443,1322
1803,4348
1804,4349
1805,4350
2470,4351
133,4352
2386,477
3048,200
3093,4355
3108,4356
3160,4357
312,4358
43,4359
158,4360
166,4361
279,12
688,4363
781,4364
826,4365
878,4366
736,843
40,35
45,96
55,141
57,49
2045,4372
236,4373
317,4374
324,4375
144,1313
227,4377
239,4378
240,4379
350,4380
429,4381
612,2239
673,237
965,4384
966,4385
967,4386
987,600
1293,1007
1489,4389
1502,4390
2298,4391
2469,1295
1607,2409
1609,2491
157,4395
159,4396
172,4397
181,4398
183,4399
257,4400
825,4401
867,4402
2068,4403
2078,4404
2071,4405
2325,4406
856,146
1115,4408
2505,1799
2746,1002
2748,1337
2750,4412
3159,4413
115,4414
769,4247
2923,4416
986,4417
116,4418
510,671
1740,4420
1908,4421
1918,4422
2375,4423
2461,4424
2709,4425
2781,4426
2877,4427
2960,195
1632,4429
1633,4430
1634,4431
1635,4432
2276,4433
2277,4434
2280,4435
1884,4436
1917,4437
1146,4438
1332,4439
2258,4440
2610,1037
1429,295
1677,4443
2084,628
2730,4445
2827,4446
2883,4447
2884,609
2904,4449
3151,4450
3164,4451
3176,1227
3225,4453
1301,635
1651,736
1914,4456
2147,4457
2589,4458
2678,247
2726,215
2728,4461
2733,657
2767,245
2773,1658
2823,455
2843,215
2845,4467
2846,495
981,4469
1403,4470
1425,4471
1511,4385
1620,4473
1626,4474
1886,4475
1931,4476
2231,4477
2232,4478
2233,4479
2234,4480
2347,4481
2354,4482
2475,4483
2594,4484
1755,4485
476,4486
2172,4487
2661,4488
2959,842
2966,4490
2968,4491
2987,4492
3016,4493
3017,1242
3064,4495
3127,4496
71,4497
77,4498
91,4499
169,4500
177,4501
200,4502
219,4503
220,1354
222,4505
223,4506
224,4507
246,4508
247,1365
392,4510
647,1281
665,4512
716,4513
776,390
779,4515
828,4516
829,4517
858,338
887,4519
888,259
890,4521
892,4522
910,4523
918,356
993,4525
995,4526
1104,4527
1108,320
1236,4529
1237,4530
1398,4531
1590,4532
1752,1304
1994,4534
2273,402
2464,4536
2466,824
1344,4538
1761,4539
2579,4540
2737,4541
2794,4542
2895,1805
20,4544
2115,4545
1491,4546
1417,4547
2804,4548
1173,1338
2514,1671
2515,1828
66,4552
147,4553
149,4554
150,4555
151,4556
292,4557
844,4558
289,4559
1192,4560
1333,2283
1381,1213
1400,1247
2141,4564
2243,4565
761,4566
768,4567
772,4568
773,4569
775,4570
1482,483
1547,486
1679,4573
1746,632
1748,548
1750,4576
1751,4577
2186,4578
2530,4579
2531,4580
2532,4581
2533,1023
2534,4583
2535,4584
2536,4585
2537,4586
2593,4587
2632,4588
1864,4589
1043,1030
1066,1032
831,4592
832,4593
833,4594
834,4595
835,4596
837,4597
838,4598
839,4599
840,4600
1656,4601
3182,4602
193,1843
1256,4604
1257,4605
1258,2111
1317,4607
1325,4608
1384,4609
1404,1343
1405,4611
1406,2230
1407,4613
1408,4614
1409,4615
1411,1035
1412,4617
1413,4618
1443,4619
1446,4620
1447,4621
1450,465
1589,4623
1593,4624
1594,4625
1595,4626
1597,4627
1598,4628
1668,4629
1681,4630
1683,4631
1700,4632
1783,4633
1784,2225
1786,4635
1866,4636
1874,4637
1875,4638
1895,4639
2450,4640
2452,4641
2454,4642
2456,4643
2560,4644
2627,268
1166,4646
1380,4647
1513,4648
1941,120
2611,4650
1889,4651
3156,4652
2909,583
3157,4654
2143,4655
480,4656
904,45
1476,4658
1582,4659
1584,1231
1867,4661
2908,955
2915,4663
2916,819
2917,4665
2921,4666
2922,4667
2988,4668
3006,965
3008,4670
3010,1348
3012,4672
3013,1009
3014,4674
3015,4675
3018,1067
3019,4677
3020,4678
3024,4679
3027,4680
3029,1318
3030,912
3036,969
3037,4684
3038,4685
3039,404
3058,4687
3059,4688
3060,4689
3066,4690
3067,4691
3068,4692
3098,4693
3099,1373
3100,4695
3101,863
3102,4697
3103,865
3131,406
3162,4700
1390,4701
2805,4702
872,4703
1424,4704
674,4705
676,4706
945,1150
1684,4708
1830,4709
2510,4710
2584,4711
2623,4712
2543,1352
78,4714
80,4715
81,4716
82,4717
171,4718
173,4719
174,4720
192,4721
197,4722
242,4723
258,4724
259,4725
329,4726
364,4727
387,4728
407,4729
414,366
415,4731
416,4732
417,4733
419,4734
420,4735
421,4736
648,4737
842,4738
875,4739
1111,4740
1541,4741
2274,4742
14,101
17,2
53,4745
54,1244
60,27
129,114
131,78
167,140
168,380
221,150
264,110
290,4754
291,4755
347,53
356,77
427,144
726,162
1134,4760
619,4761
12,4762
2441,4763
3191,4764
3205,4765
528,4766
1339,1182
1346,4768
1729,767
1807,4770
2399,4771
3166,4772
1286,451
1800,328
2161,682
2468,278
2471,4777
3165,4778
1469,4779
2710,4780
2822,4781
2860,4782
2882,4783
322,1358
554,4785
695,4786
749,4787
750,4788
2264,4789
922,4790
1197,4791
3106,4792
1717,4793
799,4794
1164,4795
1165,4796
1167,4797
1169,1617
1170,1627
1171,1825
1202,4801
1203,4802
1204,4803
1319,4804
1524,4805
2059,147
2060,1642
2061,4808
2062,4809
2063,1791
2064,4811
2065,4812
2066,4813
2086,1239
2087,4815
2093,4816
2111,4817
2561,4818
2564,4819
2583,1361
801,4821
2646,565
1058,4823
1060,4824
1061,4825
2944,1232
2,695
1493,4828
1495,4829
1498,4830
1581,4831
1660,4832
1662,4833
1687,4834
2203,4835
2865,4836
3109,4837
1799,250
1431,4839
1441,4840
1442,4841
2403,4842
2404,1363
1089,2246
380,4845
2432,4846
1723,4847
2423,4848
1452,4849
1454,4850
1467,4851
634,4852
643,4853
1499,1225
2307,4855
295,4856
424,4857
718,521
719,4859
217,4860
2376,4861
2157,1709
1350,4863
1351,4864
1353,4865
1418,4866
1420,4867
1702,4868
1905,4869
2370,4870
2458,4871
2687,247
2688,4873
2689,4874
2690,4875
2692,4876
2696,4877
2697,4878
2698,4879
2699,4880
2717,4881
2818,4882
2838,4883
2866,4884
2881,4885
893,4886
1226,4887
2437,1368
607,4889
2670,4890
2383,4891
682,4892
758,1086
1195,2053
754,487
3121,4896
3175,476
1512,4898
2196,4899
507,4900
24,2267
26,4902
613,4903
650,4904
456,4905
458,4906
459,4907
468,4908
3187,4909
3189,1372
2498,4911
2577,1700
651,4913
652,4914
1698,4915
1797,4916
759,4917
763,434
764,4919
1801,499
1802,4921
2898,508
2919,776
3001,4924
2732,227
67,4926
125,4927
126,4928
201,1034
204,4930
232,4931
354,4932
397,4933
399,4934
404,4935
405,4935
408,4937
2614,4938
2615,4939
2918,809
3097,4941
0,1147
8,4943
19,724
47,4945
112,4946
118,4947
121,4948
123,4949
160,4950
161,4951
163,4952
353,4953
357,4954
358,4955
473,1321
488,309
976,1226
977,1259
1153,4960
1262,4961
2775,4962
2409,4963
34,4964
76,4965
109,4966
127,4967
134,4968
154,4969
155,4970
187,4971
205,4972
207,4973
209,571
210,4975
214,4976
215,4977
218,4978
225,4979
228,4980
241,4981
243,4982
244,4983
251,4984
256,4985
260,4986
265,4987
266,4988
269,4989
270,4990
274,4991
276,4992
285,4993
293,4994
294,4995
298,4996
300,67
301,4998
302,4999
310,5000
311,5001
313,5002
315,5003
318,5004
325,5005
331,5006
333,5007
334,5008
335,5009
336,5010
339,89
352,5012
355,5013
359,5014
360,5015
361,5016
362,5017
363,170
365,4687
367,5020
369,5021
370,5022
371,5023
372,5024
373,5025
374,5026
375,5027
378,5028
379,159
381,5030
382,5031
388,5032
389,5033
398,5034
400,2186
401,5036
403,5037
406,5038
410,5039
411,5040
412,5041
413,5042
418,5043
425,5044
428,151
431,5046
435,5047
436,5048
437,5049
438,5050
439,5051
441,5052
442,5053
445,142
446,5055
448,5056
460,5057
461,5058
463,5059
464,5060
482,5061
484,5062
485,1021
487,5064
489,5065
490,5066
491,5067
492,5068
495,5069
496,5070
497,1442
499,5072
501,5073
504,5074
505,5075
509,5076
511,5077
516,5078
521,5079
522,5080
525,5081
539,5082
540,5083
541,5084
549,5085
555,5086
556,5087
557,5088
558,5089
559,5090
560,5091
561,5092
562,5093
563,5094
565,5095
566,5096
568,5097
569,5098
574,5099
577,5100
581,5101
582,5102
583,5103
584,5104
586,5105
587,5106
588,5107
590,5108
592,5109
595,5110
596,5111
598,5112
599,5113
601,5114
603,5115
605,5116
606,5117
608,5118
609,5119
614,5120
615,5121
616,5122
617,5123
618,5124
620,5125
622,5126
626,5127
627,5128
628,5129
630,5130
635,5131
636,5132
639,5133
640,5134
641,5135
642,5136
645,5137
646,5138
649,5139
656,5140
657,5141
658,5142
659,5143
660,5144
663,5145
666,5146
670,5147
671,5148
672,5149
677,5150
678,5151
679,5152
680,5153
685,5154
687,5155
690,5156
691,5157
694,5158
696,5159
698,5160
699,5161
700,5162
707,5163
709,5164
711,5165
712,5166
721,5167
722,5168
725,5169
728,5170
729,5171
730,5172
732,5173
733,5174
735,5175
743,5176
744,5177
746,5178
747,5179
748,5180
753,5181
756,5182
757,5183
760,5184
765,5185
766,5186
767,5187
770,5188
787,5189
788,5190
790,5191
792,5192
793,5193
795,5194
798,5195
803,5196
804,5197
805,5198
806,5199
808,5200
809,5201
813,5202
815,5203
817,5204
818,5205
819,5206
820,5207
822,5208
823,5209
827,5210
841,5211
843,5212
848,5213
849,5214
850,5215
851,5216
852,5217
853,2047
855,5219
857,569
859,5221
860,5222
861,5223
862,5224
863,5225
864,5226
865,5227
868,5228
869,5229
870,5230
871,5231
873,5232
874,5233
876,5234
881,5235
882,5236
883,5237
884,5238
885,5239
886,5240
889,5241
891,5242
894,5243
895,5244
898,5245
903,5246
905,5247
907,5248
909,5249
911,4523
914,5251
915,5252
916,5253
917,5254
919,90
921,21
927,5257
928,3
932,1915
934,5260
935,5261
939,5262
946,5263
947,5264
952,316
956,5266
959,5267
962,5268
963,5269
980,5270
991,5271
992,2162
1006,5273
1009,5274
1019,5275
1024,5276
1098,5277
1099,5278
1100,5279
1101,5280
1103,5281
1109,5282
1154,5283
1155,5284
1156,5285
1158,5286
1159,5287
1180,5288
1189,5289
1198,5290
1201,5291
1206,2429
1208,5293
1209,2333
1217,5295
1218,2594
1219,5297
1221,5298
1223,5299
1224,5300
1225,5301
1229,5302
1230,5303
1231,5304
1232,5305
1234,5306
1238,5307
1239,5308
1243,5309
1259,5310
1260,5311
1261,5312
1268,5313
1269,370
1270,5315
1271,5316
1272,5317
1273,5318
1275,5319
1277,87
1282,5321
1284,5322
1290,5323
1291,5324
1292,3375
1294,1007
1298,5327
1299,5328
1300,5329
1307,5330
1309,5331
1314,5332
1315,5333
1316,5334
1321,5335
1323,5336
1324,5337
1326,5338
1327,5339
1330,5340
1334,5341
1336,5342
1340,3
1347,5344
1348,5345
1352,5346
1356,5347
1358,5348
1366,5349
1371,5350
1376,5351
1385,745
1386,5353
1391,5354
1393,5355
1395,5356
1396,5357
1399,5358
1401,2211
1402,5360
1415,5361
1419,5362
1421,5363
1422,5364
1426,5365
1455,5366
1456,5367
1459,5368
1462,5369
1465,5370
1470,5371
1472,5372
1480,5373
1483,5374
1496,5375
1497,369
1503,5377
1504,5378
1505,5379
1510,5380
1518,5381
1530,5382
1535,5383
1538,5384
1543,5385
1548,5386
1549,5387
1550,5388
1551,5389
1559,5390
1563,1508
1565,5392
1575,5393
1576,5394
1577,5395
1579,5396
1580,5397
1586,5398
1587,5399
1588,5400
1591,5401
1592,5402
1596,5403
1599,2172
1602,5405
1604,5406
1622,5407
1628,5408
1629,5409
1637,5410
1645,5411
1646,5412
1647,5413
1653,5414
1654,5415
1655,5416
1657,5417
1658,5418
1659,5419
1665,5420
1666,5421
1667,5422
1674,5423
1676,5424
1680,5425
1685,5426
1686,5427
1688,5428
1689,5429
1691,5430
1692,5431
1694,5432
1697,5433
1706,5434
1707,5435
1709,5436
1710,5437
1712,5438
1715,490
1716,5440
1719,5441
1722,5442
1727,5443
1728,5444
1730,5445
1731,5446
1736,2598
1741,1823
1742,1056
1743,899
1744,525
1759,5452
1760,5453
1763,5454
1764,5455
1765,5456
1770,5457
1772,5458
1773,5459
1774,5460
1775,5461
1776,5462
1777,5463
1778,5464
1779,5465
1789,5466
1806,5467
1808,5468
1809,5469
1826,5470
1834,5471
1843,5472
1844,5473
1857,5474
1858,5475
1863,5476
1868,5477
1870,5478
1871,5479
1872,5480
1873,5481
1877,1794
1879,161
1880,5484
1881,5485
1882,5486
1883,5487
1885,5488
1893,5489
1897,5490
1898,5491
1909,5492
1910,5493
1911,5494
1912,5495
1915,5496
1919,5497
1921,5498
1922,5499
1925,5500
1926,5501
1928,5502
1932,5503
1933,5504
1934,5505
1935,5506
1938,5507
1939,5508
1940,5509
1942,5510
1944,5511
1945,5512
1946,5513
1951,5514
1964,5515
2017,2518
2018,5517
2019,5518
2020,5519
2024,5520
2030,5521
2031,5522
2034,5523
2043,5524
2044,5525
2046,5525
2057,5527
2058,5528
2069,5529
2072,5530
2073,5531
2074,5532
2081,5533
2092,5534
2096,2397
2108,5536
2120,5537
2122,5538
2123,5539
2126,5540
2127,5541
2131,5542
2146,5543
2155,5544
2162,5545
2171,5546
2181,5547
2183,5548
2185,5549
2187,5550
2188,5551
2189,5552
2191,5553
2192,5554
2193,5555
2194,5556
2195,5557
2197,5558
2198,5559
2199,5560
2200,5561
2204,5562
2205,5563
2208,5564
2209,5565
2221,5566
2222,5567
2225,5568
2226,5569
2227,1986
2228,5571
2230,5572
2239,5573
2245,5574
2246,5575
2250,5576
2251,5577
2255,5578
2256,5579
2259,5580
2260,5581
2261,5582
2262,5583
2263,2234
2265,5585
2266,5586
2267,5
2269,5588
2270,5589
2272,553
2275,5591
2281,5592
2289,5593
2290,5594
2292,5595
2293,5596
2294,5597
2295,5598
2299,5599
2300,5600
2301,5601
2304,5602
2305,5603
2306,5604
2308,5605
2309,5606
2310,5607
2311,5608
2312,5609
2313,5610
2314,5611
2315,5612
2316,5613
2317,5614
2318,5615
2319,5616
2320,5617
2321,5618
2323,5619
2327,518
2328,5621
2329,5622
2330,5623
2334,5624
2339,5625
2340,5626
2342,5627
2346,5628
2348,6
2350,726
2353,5631
2355,2255
2356,5633
2357,5634
2358,5635
2360,5636
2362,5637
2363,5638
2364,5639
2365,5640
2367,5641
2368,5642
2369,5643
2372,5644
2373,5645
2374,5646
2377,1931
2378,5648
2384,5649
2385,5650
2395,5651
2397,5652
2398,5653
2400,5654
2402,5655
2405,5656
2406,5657
2407,5658
2408,5659
2410,5660
2414,5661
2415,5662
2416,5663
2418,5664
2419,5665
2424,5666
2425,5667
2427,5668
2428,5669
2429,5670
2430,5671
2442,5672
2444,1286
2446,5674
2447,5675
2448,5676
2449,5677
2459,5678
2463,5679
2467,5680
2472,5681
2499,5682
2522,5683
2551,5684
2553,5685
2562,5686
2563,5687
2566,5688
2571,5689
2574,5690
2576,5691
2580,5692
2581,5693
2585,5694
2586,5695
2587,5696
2591,5697
2595,5698
2598,5699
2599,5700
2603,5701
2604,5702
2613,5703
2619,5704
2629,5705
2633,5706
2648,694
2650,5708
2651,5709
2652,5710
2656,5711
2659,829
2662,5713
2665,5714
2666,5715
2668,5716
2669,27
2673,5718
2675,5719
2676,361
2681,5721
2708,5722
2729,5723
2742,13
2772,5725
2784,765
2786,5727
2799,5728
2800,5729
2825,455
2828,221
2850,298
2878,5733
2893,1909
2910,5735
2912,5736
2920,5737
2941,5738
2943,5739
2951,2237
2964,1031
2965,5742
2970,5743
2971,5744
2984,5745
2985,5746
2990,5747
2991,5748
3002,886
3009,5750
3025,697
3028,5752
3034,5753
3040,5754
3041,5755
3042,5756
3043,5757
3044,5758
3045,5759
3046,5760
3047,5761
3052,5762
3053,5763
3054,4
3055,456
3056,5766
3063,5767
3069,5768
3074,5769
3075,5770
3076,5771
3077,5772
3078,5773
3081,5774
3083,5775
3084,5776
3085,5777
3086,5778
3094,5779
3096,5780
3113,5781
3116,5782
3117,5783
3118,5784
3122,5785
3123,5786
3125,5787
3128,5788
3133,5789
3137,5790
3138,5791
3139,5792
3140,5793
3141,5794
3142,5795
3143,5796
3144,5797
3146,5798
3150,5799
3152,5800
3153,5801
3158,5802
3163,5803
3169,5804
3170,5805
3173,5806
3174,5807
3177,5808
3178,5809
3184,5810
3190,5811
3193,5812
3194,5813
3196,1639
3197,5815
3198,5816
3199,5817
3200,5818
3201,5819
3202,5820
3203,694
3212,5822
3213,5823
3222,5824
3224,5825
3226,5826
3228,5827
3229,5828
3230,5829
3231,5830
3232,5831
3233,5832
3234,5833
3235,5834
3236,5835
3237,5836
3238,5837
3239,5838
3240,5839
3241,5840
3242,5841
3243,5842
3244,5843
3245,5844
3246,5845
3247,5846
3248,5847
3249,5848
3250,5849
3251,5850
3252,5851
3253,5852
3254,5853
3255,5854
3256,730
3257,5856
3258,5857
3259,5858
3260,5859
3261,5860
3262,5861
3263,1967
3264,5863
3265,5864
3266,5865
3267,5866
3268,5867
3269,5868
3270,5869
3271,5870
3272,5871
3273,5872
3274,1855
3275,5874
3276,5875
3277,5876
3278,5877
3279,5878
3280,1045
3281,5880
3282,5881
3283,5882
3284,5883
3285,1148
3286,5885
3287,5886
3288,5887
3289,5888
3290,68
3291,5890
3292,5891
3293,5892
3294,5893
3295,1090
3296,75
3297,5896
3298,5897
3299,5898
3300,5899
3301,5900
3302,5901
3303,5902
3304,5903
3305,5904
3306,5905
3307,5906
3308,5907
3309,5908
3310,5909
3311,5910
3312,5911
3313,5912
3314,5913
3315,5914
3316,5915
3317,5916
3318,5917
3319,5918
3320,5919
3321,5920
3322,5921
3323,5922
3324,5923
3325,5924
3326,5925
3327,5926
3328,5927
3329,5928
3330,5929
3331,5930
3332,212
3333,5932
3334,5933
3335,5934
3336,2147
3337,5936
3338,5937
3339,5938
3340,5939
3341,5940
3342,5941
3343,348
3344,5943
3345,1474
3346,5945
3347,5946
3348,5947
3349,5948
3350,5949
3351,5950
3352,5951
3353,5952
3354,5953
3355,5954
3356,5955
3357,5956
3358,5957
3359,5958
3360,5959
3361,5960
3362,5961
3363,1532
3364,5963
3365,5964
3366,5965
3367,5966
3368,5967
3369,1356
3370,5969
3371,5970
3372,5971
3373,5972
3374,5973
3375,5974
3376,5975
3377,5976
3378,5977
3379,5978
3380,5979
3381,5980
3382,5981
3383,224
3384,5983
3385,5984
3386,5985
3387,5986
3388,5987
3389,432
3390,5989
3391,5990
3392,5991
3393,5992
3394,5993
3395,1975
3396,1751
3397,5996
3398,5997
3399,5998
3400,5999
3401,6000
3402,6001
3403,6002
3404,6003
3405,6004
3406,6005
3407,6006
3408,6007
3409,6008
3410,6009
3411,6010
3412,6011
3413,6012
3414,6013
3415,6014
3416,6015
3417,6016
3418,6017
3419,6018
3420,6019
3421,6020
3422,6021
3423,6022
3424,6023
3425,6024
3426,6025
3427,6026
3428,6027
3429,1925
3430,6029
3431,6030
3432,6031
3433,6032
3434,6033
3435,6034
3436,6035
3437,6036
3438,6037
3439,6038
3440,6039
3441,6040
3442,6041
3443,774
3444,6043
3445,6044
3446,6045
3447,6046
3448,6047
3449,1697
3450,6049
3451,6050
3452,6051
3453,6052
3454,659
3455,6054
3456,6055
3457,6056
3458,6057
3459,6058
3460,642
3461,6060
3462,6061
3463,6062
3464,6063
3465,6064
3466,6065
3467,6066
3468,261
3469,6068
3470,6069
3471,6070
3472,6071
3473,6072
3474,6073
3475,6074
3476,6075
3477,6076
3478,6077
3479,6078
3480,872
3481,6080
3482,6081
3483,6082
3484,6083
3485,6084
3486,6085
3487,6086
3488,6087
3489,6088
3490,6089
3491,6090
3492,6091
3493,6092
3494,6093
3495,6094
3496,6095
3497,6096
3498,6097
3499,6098
3500,6099
3501,6100
3502,6101
3503,649
3504,6103
3505,832
3506,6105
3507,6106
3508,6107
3509,95
3510,6109
3511,6110
3512,6111
3513,6112
3514,6113
3515,6114
3516,6115
3517,6116
3518,6117
3519,6118
3520,6119
3521,6120
3522,6121
3523,6122
3524,6123
3525,6124
3526,6125
3527,6126
3528,6127
3529,6128
3530,6129
3531,6130
3532,6131
3533,6132
3534,870
3535,6134
3536,6135
3537,6136
3538,6137
3539,6138
3540,6139
3541,6140
3542,6141
3543,6142
3544,157
3545,6144
3546,6145
3547,6146
3548,6147
3549,6148
3550,6149
3551,719
3552,6151
3553,274
3554,6153
3555,6154
3556,6155
3557,2911
3558,6157
3559,1448
3560,6159
3561,6160
3562,1911
3563,6162
3564,6163
3565,6164
3566,6165
3567,6166
3568,6167
3569,6168
3570,6169
3571,6170
3572,6171
3573,6172
3574,6173
3575,6174
3576,6175
3577,6176
3578,1062
3579,6178
3580,6179
3581,6180
3582,6181
3583,6182
3584,6183
3585,6184
3586,559
3587,6186
3588,6187
3589,6188
3590,6189
3591,588
3592,6191
3593,6192
3594,6193
3595,6194
3596,6195
3597,6196
3598,6197
3599,6198
3600,730
3601,6200
3602,6201
3603,6202
3604,6203
3605,6204
3606,6205
3607,6206
3608,6207
3609,6208
3610,6209
3611,6210
3612,6211
3613,6212
3614,6213
3615,6214
3616,6215
3617,6216
3618,6217
3619,6218
3620,6219
3621,6220
3622,6221
3623,6222
3624,6223
3625,1804
3626,6225
3627,6226
3628,6227
3629,6228
3630,6229
3631,6230
3632,6231
3633,6232
3634,6233
3635,6234
3636,6235
3637,6236
3638,6237
3639,6238
3640,6239
3641,6240
3642,6241
3643,6242
3644,6243
3645,6244
3646,6245
3647,6246
3648,6247
3649,6248
3650,6249
3651,6250
3652,6251
3653,6252
3654,6253
3655,6254
3656,6255
3657,6256
3658,6257
3659,6258
3660,6259
3661,6260
3662,6261
3663,6262
3664,6263
3665,6264
3666,6265
3667,6266
3668,6267
3669,6268
3670,6269
3671,6270
3672,6271
3673,6272
3674,6273
3675,6274
3676,6275
3677,6276
3678,6277
3679,6278
3680,6279
3681,6280
3682,608
3683,6282
3684,6283
3685,6284
3686,6285
3687,6286
3688,6287
3689,6288
3690,6289
3691,6290
3692,6291
3693,6292
3694,6293
3695,6294
3696,6295
3697,6296
3698,6297
3699,6298
3700,6299
3701,6300
3702,6301
3703,6302
3704,6303
3705,6304
3706,6305
3707,6306
3708,6307
3709,6308
3710,6309
3711,6310
3712,6311
3713,6312
3714,6313
3715,6314
3716,6315
3717,6316
3718,6317
3719,6318
3720,6319
3721,6320
3722,6321
3723,6322
3724,6323
3725,6324
3726,6325
3727,6326
3728,6327
3729,6328
3730,6329
3731,1586
3732,6331
3733,6332
3734,6333
3735,6334
3736,6335
3737,6336
3738,6337
3739,6338
3740,6339
3741,6340
3742,6341
3743,6342
3744,6343
3745,6344
3746,6345
3747,6346
3748,6347
3749,6348
3750,6349
3751,6350
3752,6351
3753,6352
3754,6353
3755,6354
3756,6355
3757,6356
3758,6357
3759,6358
3760,6359
3761,6360
3762,6361
3763,6362
3764,6363
3765,6364
3766,6365
3767,6366
3768,6367
3769,6368
3770,6369
3771,6370
3772,6371
3773,6372
3774,6373
3775,6374
3776,6375
3777,6376
3778,6377
3779,6378
3780,6379
3781,6380
3782,6381
3783,6382
3784,79
3785,6384
3786,50
3787,748
3788,6387
3789,6388
3790,6389
3791,6390
3792,6391
3793,6392
3794,836
3795,6394
3796,6395
3797,6396
3798,6397
3799,6398
3800,6399
3801,6400
3802,6401
3803,6402
3804,6403
3805,6404
3806,6405
3807,6406
3808,6407
3809,6408
3810,720
3811,6410
3812,6411
3813,747
3814,6413
3815,6414
3816,6415
3817,6416
3818,6417
3819,6418
3820,6419
3821,6420
3822,6421
3823,6422
3824,6423
3825,6424
3826,6425
3827,6426
3828,6427
3829,6428
3830,6429
3831,6430
3832,1126
3833,6432
3834,6433
3835,6434
3836,6435
3837,6436
3838,6437
3839,6438
3840,6439
3841,1593
3842,6441
3843,6442
3844,6443
3845,6444
3846,6445
3847,6446
3848,6447
3849,6448
3850,6449
3851,6450
3852,6451
3853,6452
3854,6453
3855,6454
3856,6455
3857,6456
3858,6457
3859,6458
3860,6459
3861,6460
3862,6461
3863,6462
3864,6463
3865,6464
3866,6465
3867,6466
3868,6467
3869,6468
3870,6469
3871,6470
3872,1681
3873,6472
3874,6473
3875,6474
3876,6475
3877,6476
3878,6477
3879,6478
3880,6479
3881,6480
3882,6481
3883,6482
3884,6483
3885,6484
3886,6485
3887,6486
3888,6487
3889,6488
3890,6489
3891,6490
3892,6491
3893,6492
3894,429
3895,1607
3896,1774
3897,6496
3898,6497
3899,6498
3900,6499
3901,6500
3902,6501
3903,6502
3904,6503
3905,6504
3906,6505
3907,6506
3908,6507
3909,6508
3910,6509
3911,6510
3912,6511
3913,6512
3914,6513
3915,6514
3916,6515
3917,6516
3918,6517
3919,6518
3920,6519
3921,6520
3922,6521
3923,6522
3924,6523
3925,6524
3926,6525
3927,6526
3928,6527
3929,6528
3930,6529
3931,6530
3932,6531
3933,6532
3934,6533
3935,6534
3936,6535
3937,6536
3938,6537
3939,6538
3940,6539
3941,6540
3942,6541
3943,6542
3944,6543
3945,6544
3946,406
3947,6546
3948,6547
3949,6548
3950,6549
3951,6550
3952,6551
3953,6552
3954,6553
3955,6554
3956,6555
3957,6556
3958,6557
3959,248
3960,6559
3961,6560
3962,6561
3963,6562
3964,6563
3965,6564
3966,6565
3967,6566
3968,6567
3969,6568
3970,956
3971,6570
3972,6571
3973,6572
3974,6573
3975,6574
3976,6575
3977,6576
3978,6577
3979,6578
3980,6579
3981,6580
3982,6581
3983,6582
3984,6583
3985,6584
3986,6585
3987,6586
3988,1830
3989,6588
3990,6589
3991,6590
3992,6591
3993,6592
3994,6593
3995,6594
3996,6595
3997,6596
3998,6597
3999,6598
4000,6599
4001,6600
4002,6601
4003,6602
4004,6603
4005,1189
4006,6605
4007,6606
4008,6607
4009,6608
4010,234
4011,6610
4012,48
4013,6612
4014,6613
4015,6614
4016,6615
4017,6616
4018,6617
4019,1170
4020,6619
4021,561
4022,6621
4023,6622
4024,6623
4025,6624
4026,6625
4027,6626
4028,6627
4029,6628
4030,6629
4031,6630
4032,6631
4033,6632
4034,6633
4035,6634
4036,6635
4037,6636
4038,6637
4039,6638
4040,6639
4041,6640
4042,6641
4043,6642
4044,6643
4045,6644
4046,6645
4047,6646
4048,6647
4049,6648
4050,6649
4051,6650
4052,6651
4053,6652
4054,6653
4055,6654
4056,6655
4057,6656
4058,6657
4059,6658
4060,6659
4061,6660
4062,654
4063,6662
4064,6663
4065,6664
4066,6665
4067,6666
4068,6667
4069,6668
4070,6669
4071,6670
4072,6671
4073,6672
4074,6673
4075,6674
4076,6675
4077,6676
4078,6677
4079,6678
4080,6679
4081,6680
4082,6681
4083,6682
4084,6683
4085,6684
4086,6685
4087,6686
4088,6687
4089,6688
4090,6689
4091,630
4092,6691
4093,6692
4094,1668
4095,80
4096,6695
4097,560
4098,6697
4099,572
4100,559
4101,6700
4102,18
4103,6702
4104,6703
4105,6704
4106,616
4107,1935
4108,151
4109,6708
4110,6709
4111,1590
4112,6711
4113,6712
4114,106
4115,6714
4116,1392
4117,233
4118,6717
4119,1792
4120,6719
4121,6720
4122,6721
4123,6722
4124,6723
4125,141
4126,6725
4127,6726
4128,1559
4129,6728
4130,853
4131,6730
4132,6731
4133,6732
4134,6733
4135,6734
4136,6735
4137,6736
4138,6737
4139,6738
4140,1631
4141,6740
4142,6741
4143,6742
4144,6743
4145,636
4146,6745
4147,6746
4148,1611
4149,681
4150,6749
4151,6750
4152,36
4153,6752
4154,1790
4155,6754
4156,6755
4157,6756
4158,556
4159,6758
4160,445
4161,6760
4162,6761
4163,6762
4164,6763
4165,6764
4166,6765
4167,6766
4168,1820
4169,6768
4170,6769
4171,6770
4172,6771
4173,6772
4174,83
4175,6774
4176,6775
4177,6776
4178,6777
4179,6778
4180,6779
4181,6780
4182,6781
4183,6782
4184,6783
4185,6784
4186,6785
4187,6786
4188,6787
4189,1796
4190,6789
4191,6790
4192,6791
4193,285
4194,6793
4195,6794
4196,6795
4197,408
4198,6797
4199,6798
4200,6799
4201,6800
4202,6801
4203,6802
4204,6803
4205,646
4206,6805
4207,409
4208,6807
4209,6808
4210,6809
4211,6810
4212,6811
4213,6812
4214,6813
4215,6814
4216,6815
4217,6816
4218,6817
4219,6818
4220,543
4221,6820
4222,6821
4223,6822
4224,6823
4225,1025
4226,6825
4227,6826
4228,6827
4229,6828
4230,1393
4231,6830
4232,1869
4233,6832
4234,6833
4235,6834
4236,6835
4237,6836
4238,6837
4239,6838
4240,6839
4241,6840
4242,6841
4243,6842
4244,6843
4245,6844
4246,6845
4247,6846
4248,6847
4249,6848
4250,6849
4251,6850
4252,6851
4253,6852
4254,6853
4255,6854
4256,6855
4257,525
4258,6857
4259,6858
4260,6859
4261,6860
4262,6861
4263,6862
4264,6863
4265,6864
4266,6865
4267,6866
4268,6867
4269,6868
4270,6869
4271,30
4272,6871
4273,6872
4274,6873
4275,6874
4276,6875
4277,6876
4278,6877
4279,6878
4280,6879
4281,6880
4282,6881
4283,1933
4284,6883
4285,6884
4286,6885
4287,6886
4288,6887
4289,6888
4290,6889
4291,6890
4292,6891
4293,6892
4294,6893
4295,6894
4296,6895
4297,6896
4298,6897
4299,6898
4300,6899
4301,6900
4302,6901
4303,6902
4304,6903
4305,6904
4306,6905
4307,6906
4308,6907
4309,6908
4310,6909
4311,6910
4312,6911
4313,6912
4314,6913
4315,6914
4316,6915
4317,6916
4318,6917
4319,6918
4320,6919
4321,6920
4322,6921
4323,6922
4324,6923
4325,6924
4326,6925
4327,6926
4328,6927
4329,98
4330,6929
4331,6930
4332,6931
4333,6932
4334,249
4335,6934
4336,6935
4337,6936
4338,6937
4339,6938
4340,6939
4341,6940
4342,6941
4343,6942
4344,6943
4345,6944
4346,6945
4347,6946
4348,6947
4349,6948
4350,6949
4351,6950
4352,1549
4353,6952
4354,6953
4355,6954
4356,6955
4357,6956
4358,6957
4359,988
4360,6959
4361,6960
4362,6961
4363,6962
4364,6963
4365,6964
4366,6965
4367,6966
4368,6967
4369,1659
4370,6969
4371,6970
4372,6971
4373,6972
4374,6973
4375,6974
4376,6975
4377,6976
4378,6977
4379,6978
4380,6979
4381,6980
4382,6981
4383,6982
4384,6983
4385,1907
4386,6985
4387,6986
4388,6987
4389,6988
4390,6989
4391,6990
4392,6991
4393,606
4394,6993
4395,6994
4396,6995
4397,6996
4398,6997
4399,1423
4400,6999
4401,7000
4402,7001
4403,7002
4404,7003
4405,7004
4406,7005
4407,7006
4408,7007
4409,7008
4410,1932
4411,7010
4412,7011
4413,7012
4414,7013
4415,7014
4416,7015
4417,7016
4418,1405
4419,7018
4420,7019
4421,7020
4422,7021
4423,7022
4424,7023
4425,1722
4426,7025
4427,7026
4428,7027
4429,7028
4430,7029
4431,7030
4432,7031
4433,7032
4434,7033
4435,7034
4436,7035
4437,7036
4438,7037
4439,7038
4440,7039
4441,1552
4442,7041
4443,7042
4444,1723
4445,7044
4446,7045
4447,7046
4448,7047
4449,7048
4450,7049
4451,7050
4452,7051
4453,7052
4454,7053
4455,7054
4456,7055
4457,7056
4458,7057
4459,7058
4460,7059
4461,7060
4462,7061
4463,7062
4464,7063
4465,7064
4466,7065
4467,7066
4468,658
4469,7068
4470,7069
4471,7070
4472,7071
4473,7072
4474,7073
4475,7074
4476,7075
4477,7076
4478,7077
4479,7078
4480,7079
4481,7080
4482,7081
4483,1872
4484,7083
4485,7084
4486,7085
4487,7086
4488,7087
4489,7088
4490,7089
4491,7090
4492,7091
4493,938
4494,7093
4495,1782
4496,7095
4497,1714
4498,7097
4499,7098
4500,7099
4501,7100
4502,7101
4503,7102
4504,7103
4505,7104
4506,7105
4507,7106
4508,7107
4509,7108
4510,289
4511,7110
4512,7111
4513,7112
4514,7113
4515,7114
4516,7115
4517,7116
4518,7117
4519,7118
4520,7119
4521,1862
4522,7121
4523,7122
4524,7123
4525,7124
4526,7125
4527,7126
4528,7127
4529,7128
4530,7129
4531,7130
4532,7131
4533,7132
4534,7133
4535,7134
4536,7135
4537,7136
4538,7137
4539,566
4540,7139
4541,1389
4542,7141
4543,7142
4544,7143
4545,7144
4546,7145
4547,7146
4548,7147
4549,7148
4550,1683
4551,7150
4552,7151
4553,7152
4554,7153
4555,7154
4556,7155
4557,7156
4558,7157
4559,7158
4560,7159
4561,7160
4562,7161
4563,7162
4564,7163
4565,7164
4566,7165
4567,1741
4568,7167
4569,7168
4570,7169
4571,7170
4572,544
4573,7172
4574,7173
4575,7174
4576,7175
4577,7176
4578,7177
4579,7178
4580,1621
4581,7180
4582,7181
4583,7182
4584,968
4585,7184
4586,7185
4587,7186
4588,7187
4589,7188
4590,7189
4591,7190
4592,7191
4593,7192
4594,7193
4595,7194
4596,7195
4597,7196
4598,7197
4599,7198
4600,7199
4601,7200
4602,7201
4603,7202
4604,7203
4605,7204
4606,7205
4607,7206
4608,1572
4609,7208
4610,7209
4611,7210
4612,7211
4613,7212
4614,7213
4615,7214
4616,7215
4617,7216
4618,7217
4619,7218
4620,7219
4621,7220
4622,7221
4623,7222
4624,7223
4625,7224
4626,7225
4627,398
4628,7227
4629,7228
4630,7229
4631,7230
4632,7231
4633,7232
4634,7233
4635,7234
4636,7235
4637,7236
4638,7237
4639,7238
4640,7239
4641,7240
4642,7241
4643,7242
4644,7243
4645,7244
4646,7245
4647,7246
4648,7247
4649,7248
4650,7249
4651,7250
4652,7251
4653,7252
4654,7253
4655,7254
4656,7255
4657,7256
4658,7257
4659,645
4660,7259
4661,7260
4662,7261
4663,7262
4664,7263
4665,7264
4666,7265
4667,7266
4668,7267
4669,7268
4670,7269
4671,7270
4672,7271
4673,7272
4674,7273
4675,7274
4676,7275
4677,7276
4678,7277
4679,7278
4680,7279
4681,7280
4682,7281
4683,963
4684,7283
4685,7284
4686,7285
4687,7286
4688,7287
4689,7288
4690,7289
4691,7290
4692,7291
4693,7292
4694,7293
4695,7294
4696,7295
4697,7296
4698,7297
4699,7298
4700,7299
4701,7300
4702,7301
4703,7302
4704,7303
4705,7304
4706,7305
4707,818
4708,7307
4709,7308
4710,2076
4711,7310
4712,7311
4713,7312
4714,7313
4715,7314
4716,1175
4717,7316
4718,7317
4719,7318
4720,7319
4721,7320
4722,7321
4723,7322
4724,7323
4725,7324
4726,7325
4727,7326
4728,7327
4729,7328
4730,7329
4731,654
4732,7331
4733,7332
4734,7333
4735,7334
4736,7335
4737,7336
4738,7337
4739,7338
4740,7339
4741,7340
4742,7341
4743,7342
4744,7343
4745,7344
4746,7345
4747,7346
4748,7347
4749,7348
4750,7349
4751,7350
4752,7351
4753,7352
4754,7353
4755,7354
4756,7355
4757,7356
4758,7357
4759,7358
4760,7359
4761,7360
4762,7361
4763,7362
4764,7363
4765,7364
4766,7365
4767,716
4768,7367
4769,7368
4770,7369
4771,7370
4772,7371
4773,7372
4774,7373
4775,7374
4776,7375
4777,7376
4778,7377
4779,7378
4780,7379
4781,7380
4782,7381
4783,7382
4784,7383
4785,7384
4786,7385
4787,7386
4788,7387
4789,7388
4790,7389
4791,7390
4792,7391
4793,7392
4794,7393
4795,7394
4796,731
4797,7396
4798,7397
4799,7398
4800,7399
4801,7400
4802,919
4803,7402
4804,7403
4805,7404
4806,7405
4807,7406
4808,7407
4809,7408
4810,7409
4811,7410
4812,7411
4813,7412
4814,7413
4815,7414
4816,7415
4817,776
4818,7417
4819,7418
4820,7419
4821,7420
4822,7421
4823,7422
4824,7423
4825,7424
4826,7425
4827,7426
4828,7427
4829,7428
4830,7429
4831,7430
4832,7431
4833,7432
4834,7433
4835,7434
4836,7435
4837,7436
4838,7437
4839,7438
4840,7439
4841,7440
4842,7441
4843,7442
4844,7443
4845,7444
4846,7445
4847,7446
4848,844
4849,7448
4850,7449
4851,909
4852,7451
4853,7452
4854,7453
4855,7454
4856,7455
4857,7456
4858,7457
4859,7458
4860,7459
4861,7460
4862,7461
4863,7462
4864,7463
4865,7464
4866,7465
4867,7466
4868,7467
4869,7468
4870,7469
4871,9
4872,7471
4873,7472
4874,7473
4875,7474
4876,7475
4877,7476
4878,7477
4879,996
4880,7479
4881,7480
4882,7481
4883,946
4884,7483
4885,403
4886,7485
4887,7486
4888,1540
4889,7488
4890,7489
4891,7490
4892,7491
4893,7492
4894,7493
4895,7494
4896,7495
4897,7496
4898,976
4899,7498
4900,7499
4901,903
4902,7501
4903,7502
4904,7503
4905,7504
4906,7505
4907,7506
4908,7507
4909,7508
4910,7509
4911,7510
4912,7511
4913,7512
4914,7513
4915,7514
4916,7515
4917,7516
4918,7517
4919,7518
4920,7519
4921,7520
4922,7521
4923,7522
4924,7523
4925,7524
4926,7525
4927,7526
4928,7527
4929,7528
4930,7529
4931,7530
4932,7531
4933,7532
4934,7533
4935,7534
4936,7535
4937,7536
4938,7537
4939,7538
4940,7539
4941,7540
4942,7541
4943,7542
4944,7543
4945,7544
4946,7545
4947,7546
4948,7547
4949,7548
4950,7549
4951,7550
4952,7551
4953,7552
4954,7553
4955,7554
4956,7555
4957,7556
4958,7557
4959,7558
4960,10
4961,7560
4962,7561
4963,7562
4964,7563
4965,554
4966,7565
4967,7566
4968,7567
4969,7568
4970,7569
4971,7570
4972,7571
4973,7572
4974,7573
4975,7574
4976,7575
4977,933
4978,7577
4979,7578
4980,7579
4981,7580
4982,7581
4983,7582
4984,7583
4985,7584
4986,7585
4987,7586
4988,679
4989,7588
4990,7589
4991,7590
4992,7591
4993,7592
4994,7593
4995,7594
4996,29
4997,7596
4998,288
4999,7598
5000,7599
5001,7600
5002,7601
5003,7602
5004,7603
5005,7604
5006,7605
5007,7606
5008,7607
5009,7608
5010,7609
5011,7610
5012,7611
5013,7612
5014,7613
5015,7614
5016,7615
5017,7616
5018,7617
5019,7618
5020,7619
5021,7620
5022,7621
5023,7622
5024,7623
5025,7624
5026,7625
5027,7626
5028,7627
5029,7628
5030,7629
5031,7630
5032,7631
5033,7632
5034,7633
5035,7634
5036,532
5037,7636
5038,7637
5039,7638
5040,7639
5041,7640
5042,7641
5043,7642
5044,7643
5045,7644
5046,7645
5047,7646
5048,7647
5049,7648
5050,7649
5051,7650
5052,7651
5053,7652
5054,7653
5055,7654
5056,7655
5057,7656
5058,7657
5059,7658
5060,7659
5061,7660
5062,7661
5063,1428
5064,7663
5065,7664
5066,7665
5067,7666
5068,7667
5069,7668
5070,7669
5071,7670
5072,7671
5073,26
5074,7673
5075,7674
5076,7675
5077,7676
5078,7677
5079,2265
5080,7679
5081,7680
5082,7681
5083,7682
5084,134
5085,7684
5086,7685
5087,7686
5088,731
5089,7688
5090,7689
5091,7690
5092,7691
5093,7692
5094,7693
5095,7694
5096,7695
5097,7696
5098,7697
5099,7698
5100,7699
5101,7700
5102,7701
5103,7702
5104,7703
5105,7704
5106,7705
5107,587
5108,7707
5109,7708
5110,7709
5111,7710
5112,7711
5113,7712
5114,7713
5115,7714
5116,7715
5117,967
5118,7717
5119,7718
5120,7719
5121,7720
5122,7721
5123,7722
5124,7723
5125,7724
5126,7725
5127,7726
5128,7727
5129,7728
5130,7729
5131,7730
5132,7731
5133,7732
5134,911
5135,7734
5136,38
5137,7736
5138,918
5139,7738
5140,7739
5141,7740
5142,533
5143,7742
5144,7743
5145,7744
5146,7745
5147,7746
5148,7747
5149,7748
5150,7749
5151,7750
5152,7751
5153,7752
5154,7753
5155,7754
5156,7755
5157,2010
5158,7757
5159,7758
5160,7759
5161,994
5162,7761
5163,7762
5164,7763
5165,7764
5166,7765
5167,7766
5168,7767
5169,7768
5170,7769
5171,7770
5172,7771
5173,7772
5174,7773
5175,125
5176,989
5177,855
5178,7777
5179,7778
5180,7779
5181,7780
5182,7781
5183,7782
5184,7783
5185,7784
5186,7785
5187,7786
5188,7787
5189,7788
5190,7789
5191,7790
5192,7791
5193,7792
5194,7793
5195,7794
5196,7795
5197,7796
5198,7797
5199,7798
5200,7799
5201,7800
5202,7801
5203,7802
5204,7803
5205,7804
5206,7805
5207,7806
5208,7807
5209,7808
5210,152
5211,7810
5212,7811
5213,7812
5214,7813
5215,7814
5216,7815
5217,7816
5218,7817
5219,7818
5220,7819
5221,7820
5222,7821
5223,7822
5224,7823
5225,7824
5226,7825
5227,7826
5228,7827
5229,7828
5230,7829
5231,7830
5232,7831
5233,7832
5234,7833
5235,7834
5236,7835
5237,7836
5238,7837
5239,7838
5240,2166
5241,7840
5242,7841
5243,7842
5244,7843
5245,7844
5246,7845
5247,7846
5248,2422
5249,7848
5250,7849
5251,7850
5252,92
5253,7852
5254,7853
5255,7854
5256,7855
5257,7856
5258,7857
5259,7858
5260,7859
5261,7860
5262,7861
5263,7862
5264,7863
5265,7864
5266,7865
5267,7866
5268,7867
5269,7868
5270,7869
5271,7870
5272,7871
5273,7872
5274,7873
5275,7874
5276,7875
5277,7876
5278,7877
5279,7878
5280,7879
5281,7880
5282,7881
5283,7882
5284,333
5285,7884
5286,7885
5287,7886
5288,7887
5289,7888
5290,7889
5291,7890
5292,7891
5293,7892
5294,7893
5295,7894
5296,7895
5297,7896
5298,7897
5299,7898
5300,7899
5301,7900
5302,7901
5303,7902
5304,7903
5305,7904
5306,7905
5307,7906
5308,7907
5309,7908
5310,7909
5311,7910
5312,7911
5313,7912
5314,7913
5315,7914
5316,7915
5317,7916
5318,7917
5319,7918
5320,7919
5321,7920
5322,7921
5323,7922
5324,7923
5325,7924
5326,7925
5327,7926
5328,7927
5329,7928
5330,42
5331,7930
5332,7931
5333,7932
5334,7933
5335,7934
5336,7935
5337,7936
5338,7937
5339,7938
5340,7939
5341,7940
5342,7941
5343,7942
5344,7943
5345,7944
5346,7945
5347,7946
5348,7947
5349,7948
5350,7949
5351,7950
5352,7951
5353,7952
5354,7953
5355,7954
5356,7955
5357,7956
5358,7957
5359,7958
5360,7959
5361,7960
5362,7961
5363,7962
5364,7963
5365,7964
5366,7965
5367,7966
5368,7967
5369,7968
5370,1014
5371,7970
5372,7971
5373,7972
5374,7973
5375,7974
5376,7975
5377,7976
5378,176
5379,7978
5380,7979
5381,7980
5382,7981
5383,7982
5384,7983
5385,7984
5386,7985
5387,7986
5388,7987
5389,7988
5390,7989
5391,7990
5392,7991
5393,7992
5394,7993
5395,7994
5396,7995
5397,7996
5398,7997
5399,7998
5400,7999
5401,8000
5402,8001
5403,8002
5404,8003
5405,8004
5406,8005
5407,8006
5408,8007
5409,8008
5410,8009
5411,8010
5412,8011
5413,8012
5414,8013
5415,8014
5416,8015
5417,8016
5418,8017
5419,8018
5420,8019
5421,8020
5422,8021
5423,8022
5424,8023
5425,8024
5426,8025
5427,8026
5428,8027
5429,8028
5430,8029
5431,8030
5432,8031
5433,8032
5434,8033
5435,570
5436,8035
5437,8036
5438,8037
5439,8038
5440,8039
5441,8040
5442,8041
5443,8042
5444,8043
5445,8044
5446,8045
5447,8046
5448,8047
5449,8048
5450,8049
5451,8050
5452,8051
5453,8052
5454,8053
5455,8054
5456,8055
5457,8056
5458,8057
5459,8058
5460,8059
5461,8060
5462,8061
5463,8062
5464,8063
5465,8064
5466,8065
5467,8066
5468,8067
5469,8068
5470,8069
5471,8070
5472,8071
5473,8072
5474,8073
5475,8074
5476,8075
5477,8076
5478,8077
5479,8078
5480,8079
5481,993
5482,8081
5483,8082
5484,8083
5485,8084
5486,8085
5487,139
5488,8087
5489,8088
5490,8089
5491,8090
5492,8091
5493,8092
5494,8093
5495,8094
5496,8095
5497,8096
5498,8097
5499,8098
5500,8099
5501,8100
5502,8101
5503,8102
5504,8103
5505,8104
5506,8105
5507,8106
5508,8107
5509,8108
5510,8109
5511,8110
5512,8111
5513,8112
5514,8113
5515,8114
5516,8115
5517,8116
5518,8117
5519,8118
5520,8119
5521,8120
5522,8121
5523,8122
5524,8123
5525,8124
5526,8125
5527,8126
5528,8127
5529,8128
5530,8129
5531,8130
5532,8131
5533,8132
5534,8133
5535,8134
5536,8135
5537,8136
5538,8137
5539,8138
5540,8139
5541,8140
5542,8141
5543,8142
5544,8143
5545,8144
5546,8145
5547,8146
5548,8147
5549,8148
5550,8149
5551,8150
5552,8151
5553,8152
5554,8153
5555,8154
5556,8155
5557,8156
5558,8157
5559,8158
5560,8159
5561,8160
5562,8161
5563,8162
5564,8163
5565,8164
5566,8165
5567,8166
5568,8167
5569,8168
5570,8169
5571,2421
5572,8171
5573,8172
5574,8173
5575,8174
5576,8175
5577,8176
5578,8177
5579,8178
5580,8179
5581,8180
5582,8181
5583,8182
5584,8183
5585,8184
5586,8185
5587,8186
5588,8187
5589,8188
5590,8189
5591,8190
5592,8191
5593,8192
5594,2543
5595,8194
5596,8195
5597,8196
5598,8197
5599,8198
5600,8199
5601,8200
5602,8201
5603,8202
5604,8203
5605,8204
5606,8205
5607,8206
5608,8207
5609,8208
5610,8209
5611,8210
5612,8211
5613,8212
5614,8213
5615,8214
5616,8215
5617,8216
5618,991
5619,8218
5620,8219
5621,8220
5622,8221
5623,8222
5624,8223
5625,8224
5626,8225
5627,8226
5628,8227
5629,8228
5630,8229
5631,8230
5632,8231
5633,8232
5634,8233
5635,8234
5636,8235
5637,8236
5638,8237
5639,8238
5640,8239
5641,8240
5642,8241
5643,8242
5644,8243
5645,8244
5646,8245
5647,8246
5648,8247
5649,8248
5650,8249
5651,8250
5652,8251
5653,8252
5654,8253
5655,8254
5656,8255
5657,8256
5658,8257
5659,8258
5660,8259
5661,8260
5662,8261
5663,8262
5664,8263
5665,8264
5666,8265
5667,8266
5668,897
5669,8268
5670,8269
5671,8270
5672,8271
5673,8272
5674,8273
5675,8274
5676,8275
5677,799
5678,8277
5679,8278
5680,8279
5681,8280
5682,8281
5683,8282
5684,8283
5685,8284
5686,8285
5687,8286
5688,8287
5689,8288
5690,8289
5691,8290
5692,8291
5693,8292
5694,8293
5695,8294
5696,8295
5697,8296
5698,8297
5699,8298
5700,8299
5701,8300
5702,8301
5703,8302
5704,8303
5705,8304
5706,8305
5707,8306
5708,8307
5709,8308
5710,8309
5711,8310
5712,8311
5713,8312
5714,8313
5715,8314
5716,8315
5717,8316
5718,8317
5719,8318
5720,8319
5721,8320
5722,8321
5723,8322
5724,8323
5725,8324
5726,8325
5727,8326
5728,8327
5729,8328
5730,8329
5731,8330
5732,8331
5733,8332
5734,8333
5735,8334
5736,8335
5737,8336
5738,8337
5739,8338
5740,8339
5741,8340
5742,8341
5743,8342
5744,8343
5745,8344
5746,8345
5747,8346
5748,8347
5749,8348
5750,8349
5751,8350
5752,8351
5753,8352
5754,8353
5755,8354
5756,8355
5757,8356
5758,8357
5759,8358
5760,8359
5761,8360
5762,1998
5763,8362
5764,8363
5765,8364
5766,8365
5767,8366
5768,8367
5769,978
5770,8369
5771,8370
5772,8371
5773,8372
5774,8373
5775,8374
5776,8375
5777,8376
5778,8377
5779,8378
5780,8379
5781,8380
5782,8381
5783,8382
5784,8383
5785,8384
5786,8385
5787,8386
5788,8387
5789,8388
5790,8389
5791,8390
5792,8391
5793,8392
5794,8393
5795,8394
5796,8395
5797,8396
5798,8397
5799,8398
5800,8399
5801,8400
5802,8401
5803,8402
5804,8403
5805,8404
5806,8405
5807,8406
5808,8407
5809,8408
5810,8409
5811,8410
5812,619
5813,8412
5814,8413
5815,8414
5816,8415
5817,8416
5818,8417
5819,8418
5820,8419
5821,8420
5822,8421
5823,8422
5824,8423
5825,8424
5826,8425
5827,8426
5828,8427
5829,8428
5830,8429
5831,1038
5832,8431
5833,8432
5834,8433
5835,8434
5836,8435
5837,8436
5838,8437
5839,8438
5840,8439
5841,8440
5842,8441
5843,8442
5844,8443
5845,8444
5846,8445
5847,8446
5848,8447
5849,8448
5850,8449
5851,1849
5852,8451
5853,8452
5854,8453
5855,8454
5856,8455
5857,8456
5858,8457
5859,8458
5860,8459
5861,8460
5862,8461
5863,8462
5864,8463
5865,8464
5866,8465
5867,8466
5868,8467
5869,8468
5870,8469
5871,8470
5872,8471
5873,8472
5874,8473
5875,8474
5876,8475
5877,8476
5878,8477
5879,8478
5880,8479
5881,8480
5882,8481
5883,422
5884,8483
5885,8484
5886,8485
5887,8486
5888,8487
5889,8488
5890,8489
5891,8490
5892,8491
5893,8492
5894,8493
5895,8494
5896,8495
5897,8496
5898,1205
5899,8498
5900,8499
5901,8500
5902,8501
5903,8502
5904,8503
5905,8504
5906,8505
5907,8506
5908,8507
5909,8508
5910,8509
5911,8510
5912,8511
5913,8512
5914,8513
5915,8514
5916,8515
5917,8516
5918,8517
5919,8518
5920,8519
5921,8520
5922,8521
5923,8522
5924,8523
5925,8524
5926,8525
5927,8526
5928,8527
5929,835
5930,8529
5931,8530
5932,8531
5933,8532
5934,8533
5935,8534
5936,8535
5937,8536
5938,8537
5939,8538
5940,8539
5941,8540
5942,8541
5943,8542
5944,8543
5945,8544
5946,8545
5947,8546
5948,8547
5949,8548
5950,8549
5951,8550
5952,8551
5953,8552
5954,8553
5955,8554
5956,8555
5957,8556
5958,8557
5959,8558
5960,8559
5961,8560
5962,8561
5963,8562
5964,8563
5965,8564
5966,8565
5967,8566
5968,8567
5969,8568
5970,8569
5971,8570
5972,8571
5973,8572
5974,8573
5975,8574
5976,8575
5977,8576
5978,8577
5979,8578
5980,8579
5981,8580
5982,8581
5983,8582
5984,8583
5985,8584
5986,8585
5987,8586
5988,8587
5989,8588
5990,8589
5991,8590
5992,8591
5993,8592
5994,8593
5995,8594
5996,8595
5997,8596
5998,8597
5999,8598
6000,8599
6001,8600
6002,8601
6003,8602
6004,8603
6005,8604
6006,8605
6007,8606
6008,8607
6009,8608
6010,8609
6011,8610
6012,8611
6013,8612
6014,8613
6015,8614
6016,8615
6017,8616
6018,8617
6019,8618
6020,8619
6021,8620
6022,8621
6023,8622
6024,8623
6025,8624
6026,8625
6027,8626
6028,8627
6029,8628
6030,8629
6031,8630
6032,8631
6033,8632
6034,8633
6035,8634
6036,8635
6037,8636
6038,8637
6039,8638
6040,8639
6041,8640
6042,8641
6043,8642
6044,555
6045,8644
6046,8645
6047,8646
6048,8647
6049,8648
6050,8649
6051,8650
6052,8651
6053,8652
6054,8653
6055,8654
6056,8655
6057,8656
6058,8657
6059,8658
6060,8659
6061,8660
6062,8661
6063,8662
6064,8663
6065,8664
6066,8665
6067,8666
6068,8667
6069,8668
6070,1152
6071,8670
6072,8671
6073,1119
6074,8673
6075,8674
6076,8675
6077,8676
6078,8677
6079,8678
6080,1424
6081,8680
6082,8681
6083,8682
6084,8683
6085,265
6086,8685
6087,8686
6088,8687
6089,8688
6090,8689
6091,8690
6092,8691
6093,8692
6094,8693
6095,8694
6096,8695
6097,8696
6098,8697
6099,8698
6100,8699
6101,8700
6102,8701
6103,8702
6104,8703
6105,8704
6106,8705
6107,859
6108,8707
6109,8708
6110,8709
6111,8710
6112,8711
6113,8712
6114,8713
6115,8714
6116,8715
6117,8716
6118,8717
6119,8718
6120,8719
6121,8720
6122,8721
6123,8722
6124,8723
6125,8724
6126,8725
6127,8726
6128,8727
6129,8728
6130,8729
6131,8730
6132,8731
6133,8732
6134,8733
6135,8734
6136,8735
6137,8736
6138,8737
6139,8738
6140,8739
6141,8740
6142,8741
6143,8742
6144,8743
6145,8744
6146,8745
6147,8746
6148,8747
6149,825
6150,8749
6151,8750
6152,8751
6153,8752
6154,8753
6155,622
6156,8755
6157,8756
6158,8757
6159,8758
6160,8759
6161,8760
6162,8761
6163,8762
6164,8763
6165,8764
6166,8765
6167,8766
6168,8767
6169,8768
6170,8769
6171,8770
6172,8771
6173,8772
6174,8773
6175,8774
6176,8775
6177,8776
6178,8777
6179,8778
6180,8779
6181,8780
6182,8781
6183,8782
6184,8783
6185,8784
6186,8785
6187,8786
6188,8787
6189,8788
6190,8789
6191,8790
6192,8791
6193,8792
6194,8793
6195,8794
6196,8795
6197,8796
6198,8797
6199,8798
6200,8799
6201,8800
6202,8801
6203,8802
6204,8803
6205,8804
6206,8805
6207,8806
6208,8807
6209,8808
6210,8809
6211,8810
6212,8811
6213,524
6214,286
6215,8814
6216,8815
6217,8816
6218,8817
6219,8818
6220,8819
6221,8820
6222,8821
6223,8822
6224,8823
6225,8824
6226,8825
6227,8826
6228,8827
6229,8828
6230,8829
6231,8830
6232,721
6233,8832
6234,8833
6235,8834
6236,8835
6237,8836
6238,634
6239,8838
6240,8839
6241,8840
6242,8841
6243,8842
6244,8843
6245,8844
6246,8845
6247,8846
6248,8847
6249,8848
6250,8849
6251,8850
6252,8851
6253,8852
6254,8853
6255,8854
6256,8855
6257,8856
6258,8857
6259,8858
6260,8859
6261,8860
6262,8861
6263,8862
6264,8863
6265,8864
6266,8865
6267,8866
6268,8867
6269,8868
6270,8869
6271,8870
6272,8871
6273,8872
6274,8873
6275,8874
6276,8875
6277,8876
6278,8877
6279,8878
6280,496
6281,8880
6282,8881
6283,8882
6284,8883
6285,8884
6286,8885
6287,8886
6288,8887
6289,8888
6290,8889
6291,8890
6292,8891
6293,8892
6294,8893
6295,8894
6296,8895
6297,1537
6298,8897
6299,8898
6300,8899
6301,8900
6302,8901
6303,8902
6304,8903
6305,8904
6306,8905
6307,8906
6308,8907
6309,8908
6310,8909
6311,8910
6312,8911
6313,8912
6314,8913
6315,8914
6316,8915
6317,8916
6318,8917
6319,8918
6320,8919
6321,8920
6322,8921
6323,8922
6324,8923
6325,8924
6326,8925
6327,8926
6328,8927
6329,8928
6330,8929
6331,8930
6332,8931
6333,8932
6334,8933
6335,8934
6336,8935
6337,8936
6338,8937
6339,8938
6340,8939
6341,8940
6342,8941
6343,8942
6344,8943
6345,8944
6346,8945
6347,8946
6348,1716
6349,8948
6350,8949
6351,8950
6352,8951
6353,8952
6354,8953
6355,8954
6356,8955
6357,8956
6358,8957
6359,8958
6360,8959
6361,8960
6362,8961
6363,8962
6364,8963
6365,8964
6366,8965
6367,8966
6368,8967
6369,8968
6370,8969
6371,8970
6372,8971
6373,1120
6374,8973
6375,8974
6376,8975
6377,8976
6378,8977
6379,8978
6380,8979
6381,8980
6382,8981
6383,8982
6384,8983
6385,8984
6386,8985
6387,8986
6388,8987
6389,8988
6390,8989
6391,2269
6392,8991
6393,8992
6394,8993
6395,8994
6396,8995
6397,8996
6398,8997
6399,8998
6400,8999
6401,9000
6402,9001
6403,9002
6404,9003
6405,9004
6406,9005
6407,9006
6408,372
6409,9008
6410,9009
6411,9010
6412,9011
6413,9012
6414,9013
6415,9014
6416,9015
6417,9016
6418,9017
6419,9018
6420,9019
6421,9020
6422,9021
6423,2501
6424,9023
6425,9024
6426,9025
6427,9026
6428,9027
6429,9028
6430,9029
6431,9030
6432,9031
6433,9032
6434,9033
6435,9034
6436,9035
6437,9036
6438,9037
6439,9038
6440,9039
6441,9040
6442,9041
6443,9042
6444,9043
6445,9044
6446,9045
6447,9046
6448,9047
6449,9048
6450,9049
6451,9050
6452,9051
6453,9052
6454,9053
6455,9054
6456,9055
6457,9056
6458,9057
6459,9058
6460,9059
6461,9060
6462,9061
6463,9062
6464,9063
6465,9064
6466,9065
6467,129
6468,9067
6469,9068
6470,9069
6471,9070
6472,9071
6473,9072
6474,9073
6475,9074
6476,9075
6477,9076
6478,9077
6479,9078
6480,9079
6481,9080
6482,9081
6483,9082
6484,9083
6485,9084
6486,9085
6487,9086
6488,9087
6489,9088
6490,9089
6491,9090
6492,9091
6493,9092
6494,9093
6495,9094
6496,9095
6497,9096
6498,2480
6499,9098
6500,9099
6501,9100
6502,9101
6503,9102
6504,9103
6505,9104
6506,9105
6507,9106
6508,9107
6509,9108
6510,9109
6511,9110
6512,9111
6513,9112
6514,9113
6515,9114
6516,9115
6517,9116
6518,9117
6519,9118
6520,9119
6521,9120
6522,9121
6523,9122
6524,9123
6525,9124
6526,9125
6527,9126
6528,9127
6529,9128
6530,9129
6531,9130
6532,9131
6533,9132
6534,9133
6535,9134
6536,9135
6537,9136
6538,9137
6539,9138
6540,9139
6541,9140
6542,9141
6543,9142
6544,9143
6545,9144
6546,9145
6547,9146
6548,9147
6549,9148
6550,9149
6551,9150
6552,9151
6553,9152
6554,9153
6555,9154
6556,9155
6557,9156
6558,9157
6559,9158
6560,9159
6561,9160
6562,9161
6563,1168
6564,9163
6565,9164
6566,9165
6567,9166
6568,9167
6569,9168
6570,9169
6571,9170
6572,9171
6573,9172
6574,9173
6575,9174
6576,9175
6577,9176
6578,9177
6579,9178
6580,9179
6581,9180
6582,9181
6583,9182
6584,9183
6585,9184
6586,9185
6587,9186
6588,9187
6589,9188
6590,9189
6591,9190
6592,9191
6593,9192
6594,9193
6595,9194
6596,9195
6597,9196
6598,9197
6599,9198
6600,9199
6601,9200
6602,2021
6603,9202
6604,9203
6605,9204
6606,9205
6607,9206
6608,9207
6609,9208
6610,9209
6611,9210
6612,9211
6613,9212
6614,9213
6615,9214
6616,9215
6617,9216
6618,9217
6619,9218
6620,9219
6621,9220
6622,9221
6623,9222
6624,9223
6625,9224
6626,9225
6627,9226
6628,9227
6629,9228
6630,9229
6631,9230
6632,9231
6633,9232
6634,9233
6635,9234
6636,9235
6637,9236
6638,9237
6639,9238
6640,9239
6641,9240
6642,9241
6643,9242
6644,9243
6645,9244
6646,9245
6647,9246
6648,9247
6649,9248
6650,9249
6651,9250
6652,9251
6653,9252
6654,9253
6655,9254
6656,9255
6657,9256
6658,9257
6659,9258
6660,9259
6661,9260
6662,9261
6663,9262
6664,9263
6665,9264
6666,9265
6667,9266
6668,9267
6669,9268
6670,9269
6671,9270
6672,9271
6673,9272
6674,9273
6675,9274
6676,9275
6677,9276
6678,9277
6679,9278
6680,2278
6681,9280
6682,9281
6683,9282
6684,9283
6685,9284
6686,9285
6687,9286
6688,9287
6689,9288
6690,760
6691,267
6692,531
6693,9292
6694,9293
6695,9294
6696,9295
6697,9296
6698,9297
6699,9298
6700,9299
6701,9300
6702,9301
6703,9302
6704,9303
6705,9304
6706,9305
6707,9306
6708,9307
6709,9308
6710,9309
6711,9310
6712,9311
6713,9312
6714,864
6715,9314
6716,9315
6717,9316
6718,9317
6719,9318
6720,9319
6721,9320
6722,9321
6723,9322
6724,367
6725,9324
6726,9325
6727,9326
6728,9327
6729,9328
6730,9329
6731,9330
6732,9331
6733,9332
6734,9333
6735,9334
6736,9335
6737,9336
6738,9337
6739,9338
6740,9339
6741,9340
6742,9341
6743,9342
6744,9343
6745,9344
6746,917
6747,9346
6748,9347
6749,9348
6750,9349
6751,9350
6752,9351
6753,9352
6754,9353
6755,9354
6756,9355
6757,9356
6758,9357
6759,9358
6760,9359
6761,9360
6762,9361
6763,9362
6764,9363
6765,9364
6766,9365
6767,9366
6768,9367
6769,9368
6770,9369
6771,9370
6772,9371
6773,9372
6774,9373
6775,9374
6776,9375
6777,9376
6778,9377
6779,9378
6780,9379
6781,9380
6782,9381
6783,9382
6784,9383
6785,9384
6786,9385
6787,9386
6788,9387
6789,9388
6790,9389
6791,9390
6792,9391
6793,9392
6794,9393
6795,9394
6796,9395
6797,9396
6798,9397
6799,9398
6800,9399
6801,9400
6802,9401
6803,9402
6804,9403
6805,9404
6806,9405
6807,9406
6808,9407
6809,9408
6810,9409
6811,9410
6812,9411
6813,9412
6814,9413
6815,9414
6816,9415
6817,9416
6818,9417
6819,9418
6820,9419
6821,9420
6822,9421
6823,9422
6824,9423
6825,9424
6826,9425
6827,9426
6828,9427
6829,9428
6830,9429
6831,9430
6832,9431
6833,9432
6834,9433
6835,9434
6836,9435
6837,9436
6838,9437
6839,9438
6840,9439
6841,9440
6842,9441
6843,9442
6844,9443
6845,9444
6846,9445
6847,9446
6848,9447
6849,9448
6850,9449
6851,9450
6852,9451
6853,9452
6854,315
6855,1875
6856,9455
6857,9456
6858,9457
6859,9458
6860,9459
6861,9460
6862,9461
6863,9462
6864,9463
6865,9464
6866,9465
6867,9466
6868,9467
6869,9468
6870,9469
6871,9470
6872,9471
6873,9472
6874,9473
6875,9474
6876,2426
6877,9476
6878,9477
6879,9478
6880,9479
6881,9480
6882,2569
6883,9482
6884,9483
6885,9484
6886,9485
6887,9486
6888,9487
6889,9488
6890,9489
6891,9490
6892,9491
6893,9492
6894,9493
6895,9494
6896,9495
6897,9496
6898,9497
6899,9498
6900,9499
6901,9500
6902,9501
6903,9502
6904,9503
6905,9504
6906,9505
6907,9506
6908,9507
6909,9508
6910,9509
6911,9510
6912,9511
6913,9512
6914,9513
6915,9514
6916,9515
6917,9516
6918,9517
6919,9518
6920,9519
6921,9520
6922,9521
6923,9522
6924,9523
6925,9524
6926,9525
6927,9526
6928,9527
6929,9528
6930,9529
6931,9530
6932,9531
6933,9532
6934,9533
6935,9534
6936,9535
6937,9536
6938,9537
6939,9538
6940,9539
6941,9540
6942,9541
6943,9542
6944,9543
6945,9544
6946,9545
6947,9546
6948,9547
6949,9548
6950,9549
6951,9550
6952,9551
6953,9552
6954,9553
6955,9554
6956,9555
6957,9556
6958,9557
6959,9558
6960,9559
6961,9560
6962,9561
6963,9562
6964,9563
6965,9564
6966,9565
6967,9566
6968,9567
6969,9568
6970,343
6971,9570
6972,9571
6973,9572
6974,9573
6975,9574
6976,9575
6977,9576
6978,9577
6979,9578
6980,9579
6981,9580
6982,9581
6983,9582
6984,9583
6985,9584
6986,9585
6987,9586
6988,9587
6989,9588
6990,9589
6991,9590
6992,9591
6993,9592
6994,9593
6995,9594
6996,9595
6997,9596
6998,9597
6999,9598
7000,9599
7001,9600
7002,9601
7003,9602
7004,9603
7005,9604
7006,9605
7007,616
7008,9607
7009,9608
7010,9609
7011,9610
7012,9611
7013,9612
7014,9613
7015,2085
7016,9615
7017,9616
7018,9617
7019,9618
7020,9619
7021,9620
7022,9621
7023,17
7024,9623
7025,480
7026,9625
7027,9626
7028,9627
7029,215
7030,148
7031,9630
7032,9631
7033,9632
7034,65
7035,9634
7036,9635
7037,9636
7038,9637
7039,9638
7040,9639
7041,9640
7042,9641
7043,9642
7044,9643
7045,9644
7046,9645
7047,9646
7048,9647
7049,116
7050,9649
7051,9650
7052,9651
7053,9652
7054,9653
7055,9654
7056,9655
7057,9656
7058,9657
7059,9658
7060,9659
7061,9660
7062,9661
7063,9662
7064,9663
7065,396
7066,9665
7067,9666
7068,9667
7069,1594
7070,9669
7071,9670
7072,9671
7073,9672
7074,9673
7075,9674
7076,9675
7077,9676
7078,9677
7079,9678
7080,9679
7081,9680
7082,9681
7083,9682
7084,9683
7085,9684
7086,9685
7087,9686
7088,9687
7089,9688
7090,9689
7091,9690
7092,9691
7093,9692
7094,9693
7095,9694
7096,9695
7097,9696
7098,9697
7099,9698
7100,9699
7101,9700
7102,9701
7103,9702
7104,9703
7105,9704
7106,9705
7107,9706
7108,9707
7109,9708
7110,9709
7111,9710
7112,9711
7113,9712
7114,66
7115,936
7116,546
7117,9716
7118,9717
7119,9718
7120,9719
7121,2241
7122,9721
7123,2056
7124,9723
7125,9724
7126,9725
7127,9726
7128,9727
7129,9728
7130,9729
7131,9730
7132,9731
7133,9732
7134,9733
7135,9734
7136,9735
7137,9736
7138,9737
7139,9738
7140,9739
7141,9740
7142,9741
7143,9742
7144,9743
7145,9744
7146,9745
7147,9746
7148,9747
7149,9748
7150,9749
7151,2146
7152,9751
7153,9752
7154,164
7155,9754
7156,9755
7157,9756
7158,9757
7159,9758
7160,9759
7161,9760
7162,9761
7163,1495
7164,9763
7165,9764
7166,49
7167,9766
7168,9767
7169,9768
7170,9769
7171,9770
7172,136
7173,9772
7174,2523
7175,9774
7176,9775
7177,9776
7178,9777
7179,9778
7180,9779
7181,9780
7182,9781
7183,9782
7184,9783
7185,2813
7186,9785
7187,9786
7188,9787
7189,9788
7190,9789
7191,9790
7192,9791
7193,9792
7194,9793
7195,9794
7196,9795
7197,9796
7198,9797
7199,9798
7200,9799
7201,9800
7202,9801
7203,9802
7204,9803
7205,9804
7206,9805
7207,9806
7208,9807
7209,9808
7210,9809
7211,9810
7212,9811
7213,9812
7214,9813
7215,9814
7216,9815
7217,9816
7218,9817
7219,9818
7220,9819
7221,9820
7222,9821
7223,9822
7224,9823
7225,9824
7226,9825
7227,9826
7228,9827
7229,9828
7230,9829
7231,2340
7232,9831
7233,9832
7234,9833
7235,9834
7236,9835
7237,648
7238,9837
7239,9838
7240,9839
7241,9840
7242,9841
7243,9842
7244,9843
7245,9844
7246,9845
7247,9846
7248,9847
7249,9848
7250,9849
7251,9850
7252,9851
7253,9852
7254,9853
7255,9854
7256,9855
7257,9856
7258,9857
7259,9858
7260,9859
7261,9860
7262,9861
7263,9862
7264,9863
7265,9864
7266,9865
7267,9866
7268,9867
7269,9868
7270,9869
7271,9870
7272,9871
7273,9872
7274,9873
7275,9874
7276,9875
7277,9876
7278,9877
7279,9878
7280,9879
7281,9880
7282,9881
7283,9882
7284,9883
7285,9884
7286,9885
7287,9886
7288,9887
7289,9888
7290,9889
7291,9890
7292,9891
7293,9892
7294,9893
7295,9894
7296,9895
7297,9896
7298,9897
7299,1396
7300,9899
7301,9900
